County,Renewable,Hydro,Nuclear,Natural.Gas,Coal,Other
01001,17665,0,0,25,2484726.138,7.999
01005,9777,0,0,0,866421,1514
01009,0,6040,0,0,0,20.004
01015,0,0,0,0,1506982.658,1984.74877
01017,0,0,0,0,0,0
01019,0,0,0,0,1583631.894,2388.9559
01021,0,0,0,2847.2515,612797.0785,103464.8
01023,0,0,0,3360.00519,391379.0438,481.40297
01033,0,0,0,174651.413,0,0
01037,0,0,0,0,0,102
01039,0,0,0,2750187,39511.01,63
01051,73373.004,16992.001,0,0,843053.66,1252938.16
01053,0,0,0,544762.4,0,0
01055,0,0,0,7041.299,0,0
01069,0,0,0,153272.296,1492116.264,43747.04111
01071,0,29398.001,0,0,0,0
01073,0,0,0,1409645,3915313,4483
01077,0,0,0,0,0,0
01079,0,215891.999,0,3548600,10886731,0
01081,0,583976,0,177141,10186117,12849.999
01083,0,224273,0,0,0,0
01085,0,201778.999,0,0,0,0
01091,0,326597,0,0,0,0
01095,0,1020524,0,0,0,0
01097,0,1688639,13147985,0,12318050,12590
01099,0,141971,0,40063,19460109,0
01103,0,0,0,1238984,0,0
01113,0,0,0,1290634,0,0
01121,442986.1586,22918.001,0,973.85594,0,6227.01551
01123,0,4856.999,0,0,0,12
01125,0,24480.001,0,0,0,1132.998
01127,0,279130,0,0,0,627.997
01129,0,0,0,0,0,12756
01131,0,0,0,0,0,2890.001
02013,0,0,0,0,0,0
02016,0,1792,0,154847.373,0,1002.17605
02020,0,18541.002,0,0,0,-31.001
02050,0,23307,0,0,0,9787
02060,0,0,0,0,0,2666
02068,0,0,0,0,0,5488.999
02070,0,0,0,0,0,4162
02090,0,0,0,379148.6283,7218889.235,10381.86969
02100,0,0,0,0,0,92.999
02110,0,1446993.001,0,2398825.004,0,-1129.001
02122,377463.349,896100.003,0,2328714.234,336130.042,193487.7871
02130,0,0,0,0,0,1812.999
02150,0,0,0,107.004,0,56.999
02164,0,0,0,6998,0,0
02170,0,0,0,2215,0,0
02180,239,0,0,41156.079,0,5
02185,60210.28476,0,0,72494.15197,45914.70146,14226.999
02188,0,0,0,0,33321.441,0
02195,428.93359,0,0,1873.78325,1406399,6628.28417
02196,1039.52558,0,0,4251.42407,0,68.67035
02198,0,0,0,1238527,6618979.215,8692.002
02220,0,0,0,54978,7017107,7538
02230,0,0,0,22137,0,615.001
02240,0,0,0,0,382833,1954
02261,9356.40529,173604,0,1112829.119,740281.4954,410.997
02290,0,0,0,0,0,252
04001,0,45853.002,0,1086.996,0,81.996
04003,0,313823.001,0,0,5211432,15949
04005,0,82104.999,0,0,0,0
04007,0,35786,0,0,0,0
04012,0,308387,0,0,0,0
04013,87,338334,0,4032937.002,32476822,94043
04015,0,0,0,15545.001,3540463,41296.004
04017,0,0,0,760,0,504
04019,0,0,0,0,244862.941,0
04021,0,0,0,197427.86,2026562.198,11521.05479
04023,0,0,0,12465.6,0,0
04025,5602.716,0,0,643.49365,0,4357.44535
04027,0,37985.309,0,0,3173.84,0
05001,0,15688.53,0,0,0,0
05003,0,168.996,0,0,0,85.998
05005,6009,0,0,0,0,0
05007,0,0,0,122019,2712595,1055
05011,0,18472,0,0,0,0
05015,0,0,0,1019,6764016,4080
05019,0,0,0,0,0,321
05021,0,10810.002,0,0,0,0
05023,0,0,0,259190,0,0
05029,0,0,0,1421546,0,0
05033,0,0,0,319245,0,6798
05041,0,0,28112609,42610,14944611,0
05047,3968.001,0,0,14596,0,12451.001
05051,0,0,0,25314,0,431640.001
05055,0,635609.001,0,0,0,0
05057,0,0,0,1989,0,0
05059,0,111893.002,0,22266.002,0,-563
05063,0,0,0,138050,0,0
05065,0,0,0,21.996,0,0
05067,0,0,0,-208,0,-949
05069,0,50118,0,0,21664534,30203
05073,0,0,15449851,0,0,0
05085,0,0,0,3061890.058,0,20315.00525
05089,0,0,0,0,0,0
05093,0,16402.321,0,5189.10468,0,155.81532
05109,0,0,0,0,0,42.996
05115,0,11043.998,0,264788.16,0,0
05119,0,0,0,435096,15219933,7194
05123,0,0,0,2844,0,266
05131,0,0,0,1032959,0,0
05147,0,0,0,30401.739,0,0
06001,0,4445,0,452673.59,1419167.902,239450.307
06005,0,0,0,2464422,136372.002,1236
06007,60186,86519,0,1232930.334,0,1207.996
06009,0,368.004,0,201477.939,0,17.999
06011,0,3999.001,0,0,0,0
06013,12812,0,0,751866.507,23722357,28154.001
06017,0,51163.001,0,372.996,0,197.995
06019,377334.999,0,0,2061543.138,0,46208.003
06021,53742,0,0,0,0,0
06023,88252.992,0,0,0,0,0
06025,437745.012,18315.096,0,1526036.089,1717866.482,130604.1564
06027,614202.4126,325011,0,317517.2866,0,2777.17476
06029,916574.4261,12111482.57,0,9655926.332,194273.2505,414129.2137
06031,0,213585,0,0,0,0
06033,0,1760046.012,0,0,0,0
06035,0,542103.016,0,0,0,0
06037,1691002.184,22413406,0,14762952.89,12485.839,465252.5621
06039,0,0,0,1756191.916,0,935.11697
06043,0,0,0,556715.647,0,8.999
06045,0,0,14580260,4189380.561,0,0
06047,0,0,0,5018144.535,814147.4347,18352.999
06051,0,0,0,4968138.361,0,75.999
06053,0,0,0,704973.4901,10768509,86951.07089
06055,0,130781,0,126861,2074736,16601
06057,0,671127.002,20591862,6832,22957044,53622.998
06059,16756.044,0,7008428,2177858.832,4827192,357802.9324
06061,5614,34458,0,1725900.666,256600.4124,671945.7741
06063,0,172616.998,0,231102.664,467174.001,998.002
06065,2571.47,4363015.995,0,1538962.261,8701796.948,80462.56897
06067,0,8139642.998,0,4427199.821,0,15.001
06071,213288,110829.65,0,7374610.253,30198335.83,142109.1261
06073,1089367.431,9822,10227326,7654058.247,13842819.53,476907.8718
06075,0,60449.999,0,4505.001,1655162,1576
06077,343611,95692.999,0,3183856.143,9646210.998,43289.01088
06079,0,0,0,0,0,46392
06081,0,0,0,67344,468512,8406
06083,0,0,0,35364.001,12923981,816714
06085,132888,4218.39,0,979879.5011,0,905479.5379
06087,0,5517.269,0,384512.8,0,0
06089,0,-573426.509,0,3324141.361,16666453.9,1039386.998
06091,0,44463.001,5343846,0,0,0
06093,0,13051,0,12264.001,4379763,7491
06095,0,51353.001,0,24182.479,0,32496
06097,0,0,0,2245183.998,60420.998,1847.981
06099,2132763.032,257382,0,2349687.449,5976.01428,1506.002
06101,0,44776.001,0,1183493.86,0,702
06103,0,0,0,291,0,926.004
06105,0,0,0,1056.30779,0,907.999
06107,1,45061,0,41551.481,37254.001,417.999
06109,482716.7056,4666.999,0,69704.04436,0,91601.03992
06111,4788,131028.998,0,249498.058,4923877.002,7364.001
06113,14178,7195,0,0,0,0
06115,0,0,0,12,0,21923.028
08001,0,0,0,15894,9081842,55734.001
08003,0,0,0,14.001,0,0
08009,0,0,0,807920.58,3580595.705,12467
08011,0,0,0,0,0,2449
08013,344659,5602,0,7375496.87,0,24
08015,0,0,0,0,0,0
08019,72307.97338,24905.436,0,5627554.153,85588.06845,0
08029,16400.3163,40447.44,0,800.98777,0,37777.3209
08031,0,0,0,344951.965,0,46.004
08035,0,0,0,241181.921,0,0
08037,0,6199.999,0,0,0,0
08041,11277.49368,40800.989,0,13670.30232,0,8157
08043,0,0,0,0,0,22.999
08045,0,0,0,294727,0,138
08049,0,0,0,0,0,-393
08051,0,0,0,26613.998,0,0
08059,0,0,8448189,2601.001,222042.999,3287.999
08063,0,0,0,0,16588393,32315
08065,0,0,0,41087,3304651,-785.001
08067,0,0,0,296.001,0,430
08069,0,0,0,201811,20769465,392950
08071,0,0,0,0,0,40.001
08075,0,0,0,721.001,0,0
08077,78934.999,9318.999,0,0,0,722.256
08081,19953.876,0,0,0,0,0
08083,0,0,16539097,29092.284,0,0
08085,256712.1056,104239.359,0,199018,0,38799.68835
08087,623532.0468,0,0,143349.5789,7611550.667,72313.57495
08089,0,0,0,55495,0,0
08093,0,0,0,5112,0,0
08097,0,0,0,4030,0,0
08099,0,0,0,1458208,0,69110
08101,0,3876398,0,17000.004,0,0
08103,0,0,0,876.999,76943.999,33.999
08107,0,0,0,5261397.37,0,0
08117,0,0,0,7159946.352,0,42381.88371
08123,0,6372.631,0,6626364.45,0,0
09001,0,359694.003,0,-3,26969959,43106
09003,0,708465.005,0,-172,1579953,-972
09005,0,631725,0,0,0,-1385
09007,0,12623.999,0,0,0,0
09009,0,-268623.998,55446839,8558,1123081,51944
09011,0,0,0,881568,14885871,56304
09015,0,0,0,18538.002,0,0
10001,0,0,0,0,0,10653.576
10003,439.71541,0,0,8831623.03,0,1795.49572
10005,0,0,0,34241,17217528,3918901
11001,0,0,0,3903.001,2009828,0
12001,0,0,0,71934.001,3416966,0
12005,0,0,0,175330.19,0,157
12009,0,0,0,445066.4997,0,3715.90528
12011,0,67236.999,0,690835.4233,6748.32162,5515.69516
12017,0,21779.999,0,0,0,0
12027,0,0,0,146285,0,5466
12031,66017.47024,1356.3,0,112720.1582,8000385.981,59734.82424
12033,9413.88,201505,0,480.11782,467828.4222,0
12039,0,0,0,3002201,0,0
12047,0,0,0,679367,0,23
12049,2454,0,0,1744648,0,0
12051,0,0,0,17685,8426231,0
12053,0,0,0,1706260,0,0
12055,0,1200,0,0,0,115.943
12057,0,67931,0,1211186.998,1809991.999,26807.996
12071,0,0,0,17892.62,0,0
12073,105856.9806,0,0,3978.4624,0,0
12077,78301,0,0,0,0,0
12081,19869,0,0,0,0,0
12085,0,7504,0,0,0,0
12086,0,35406.995,0,0,2273794,1404
12087,0,26502.002,0,0,0,0
12089,0,5617,0,0,0,0
12095,0,14853,0,0,0,0
12097,0,13986,0,0,0,0
12099,0,25951.998,0,0,0,0
12101,0,24019.003,0,0,0,0
12103,0,17725,0,0,0,0
12105,0,307742.993,0,0,0,0
12107,0,1832.001,6455924,0,0,0
12111,439330.7262,0,3858020,74900.40699,162051.8648,20017.03397
12113,0,4910,0,0,0,0
12123,0,0,0,69.996,0,2739.56
12127,76217,484176,7523669,0,0,0
12129,0,0,8747233,0,0,0
13001,0,0,0,0,0,405
13007,0,-471393,0,0,0,0
13009,0,0,18819381,0,0,0
13015,0,0,0,0,0,70477.001
13021,0,0,20008012,1472036,0,176.997
13033,0,0,38996524,0,0,0
13039,1359.996,0,19349537,0,0,0
13051,320746.7611,0,0,593239.6877,0,7701.94021
13059,1781.892,0,0,3197559.592,0,1999.172
13061,0,0,0,1183921.785,0,0
13067,102233.999,0,0,2816362.04,0,34289.5
13071,0,0,0,1838.999,0,0
13073,0,0,0,0,0,0
13077,0,0,0,0,0,292
13087,0,1,0,0,0,0
13089,0,13.001,0,2314.001,0,164.999
13095,0,0,0,1013.998,0,90
13099,0,20200.998,0,0,0,0
13103,0,98270.001,0,179013,0,5.999
13105,0,0,0,57407,0,15215
13111,0,0,0,0,0,468.001
13115,0,1255.32,0,7449.601,0,0
13117,0,0,0,0,0,3794.56
13121,693657.3801,1209026.234,0,6532.40339,0,65480.14051
13125,38184,0,0,0,0,0
13127,0,0,0,290615.08,0,0
13135,0,0,0,449632.72,0,1352
13137,0,0,0,998919,0,1834313
13141,0,0,0,9837456,0,84538
13147,0,0,0,5616897,0,6362680
13149,0,0,23912266,24516647,0,11607753
13157,0,0,0,18628.998,0,3600.999
13159,0,0,0,0,0,58385
13163,0,0,7303310,0,15064097,84572
13175,0,0,0,0,0,20176
13179,0,0,0,50868.001,0,8.999
13185,0,0,0,185171,0,2509055
13193,0,0,0,343368,0,82545
13205,0,0,0,6227176.999,0,1510
13207,0,0,0,689352,0,4580755
13213,0,24987,0,0,0,0
13215,0,4098.001,0,1486141.05,0,0
13217,0,0,0,10950,0,0
13233,0,0,0,65623.411,0,0
13241,0,44827,0,4283358.481,0,0
13245,0,28986,0,0,0,0
13247,0,0,0,548358.46,0,0
13275,0,0,0,421.82495,356966.3125,185087.0715
13277,0,0,0,0,0,1092
13285,0,0,0,5696.59826,463200.6077,0
13291,266097,0,0,0,0,0
13297,0,0,0,268122,0,171
13301,0,0,0,30185.13528,0,4505.88072
13303,0,9074.999,0,817326.822,0,0
13305,42.50371,0,0,57.45829,0,0
15001,0,0,0,5217989.486,0,11727.25123
15003,102582.005,19626.11,0,46153.808,786999.6418,57049.42422
15007,27682.056,0,0,2426936.761,0,0
15009,526387.851,0,10177573,6683352,0,0
16001,4214.004,0,0,457274,1128561,101926
16003,0,0,0,0,0,9466.999
16009,0,0,0,2386,0,0
16013,0,21865,0,0,0,0
16015,0,0,0,0,0,0
16017,0,0,0,586412,0,1228
16019,255305.007,0,0,62701.32,0,282.996
16021,11943.996,0,0,0,0,0
16023,0,0,0,0,0,0
16027,9001.002,0,0,0,0,0
16029,460927.872,5754.871,0,106094.3498,0,38234.27282
16031,0,0,0,36134.32435,0,104411.8227
16033,0,0,0,0.981,0,0
16035,0,0,0,7523.14822,233294.2649,211.16589
16039,0,5369.999,0,16851.76,0,141.999
16043,3115.4134,0,0,24435.32,53726.01267,545036.204
16045,54518.891,0,0,40.18,0,14957.852
16047,255784.8393,422129.002,19330957,10024.10487,21015340.51,40760.93395
16049,0,30612,0,0,0,0
16053,0,218203,0,3917,14616952,73201
16055,0,182870.999,0,0,0,0
16059,0,205156,0,0,0,0
16063,0,261697.002,0,0,0,0
16067,0,168100,0,0,0,0
16069,0,0,0,0,393759,690
16073,0,0,0,216696,5555379,5099
16075,0,54862.999,0,0,0,0
16077,0,-48993,14416748,0,12331201,1613
16081,0,0,0,0,23252505,9952
16083,6451282.576,0,0,91865.53005,0,3554.7134
16085,16601.17773,119.789,0,19172.13741,12019.68686,673.04797
16087,0,0,0,305121.7293,0,0
17011,512098.7798,0,0,3846.90917,116979.8246,15125.45338
17021,0,0,0,1827342.3,0,0
17023,74886,0,0,0,719899.1897,2906.13728
17025,0,0,0,116940.2469,445.48896,21637.24616
17031,545204.992,642821.003,0,1263136.644,6735900.308,416353.8254
17033,0,0,0,0,8470832,4269
17039,0,0,0,50544,0,6860
17041,0,2674.999,0,0,0,0
17043,5707.72825,925178.998,0,2466404,4773.02925,15234.59247
17049,0,7457,0,0,0,603.999
17051,0,11417.001,0,0,0,0
17053,0,16846.999,0,0,0,0
17055,11364,0,0,0,0,217.002
17057,0,0,0,0,0,-321
17063,86937,0,0,3894,26756.001,512.993
17073,0,9505.002,0,0,0,0
17077,0,0,0,4331059,0,0
17079,0,0,0,10983.998,0,0
17089,0,79290.001,0,23653.26,0,64
17091,0,25449.999,0,2469366,8345121,4635
17093,85436.16263,0,0,4040835.446,3679901.827,1887168.366
17095,0,0,0,254362,0,146517
17097,0,0,0,307.001,0,470762
17099,0,268613,7426046,6791650,0,26
17103,0,6495.39,0,4008726.032,104441.8309,305688.1487
17105,0,0,0,5778,262148,445303.064
17107,0,0,0,13690,0,0
17109,0,0,0,0,0,0
17113,0,0,0,1302.001,548672.998,112.002
17115,0,214368,0,0,0,0
17119,0,0,0,41541.47396,0,1396.97104
17121,0,4284,0,0,0,0
17125,0,0,0,138,0,204911
17127,0,19497,0,-110.002,0,0
17133,140578.5243,4661.91,0,0,36172.18226,2045.62647
17135,0,18612,0,0,0,0
17137,0,0,0,0,0,3949.001
17139,0,0,0,0,0,2357.999
17141,0,9724.001,0,0,0,297556.001
17143,103066,0,0,62900,0,102958.001
17145,0,16654.769,0,0,0,0
17149,0,23881,0,0,0,0
17155,0,20714.001,0,0,0,0
17157,0,3979,0,6936,0,648
17161,132261.2719,0,0,1950.6672,77640.04976,1612.17713
17163,0,0,0,2419.992,0,304.003
17167,498182,39274.998,0,3686498.335,52000.999,129.002
17173,0,0,0,0,0,319.002
17179,128837.001,3205.62,0,3785317,75462.87585,16655.12515
17183,553.868,0,0,78310.2701,0,2556.3899
17189,0,0,0,42304.25311,0,891.00789
17191,0,0,0,11.759,0,0
17195,0,0,0,138343.001,274383.999,0
17197,7040.002,243280.003,0,66981.43055,0,8004.44145
17199,0,40016.999,0,0,0,0
17201,41194,0,0,131240.9452,0,4651.11977
18001,0,5710.321,0,0,0,0
18015,0,0,0,0,0,0
18029,0,0,0,11777.997,0,140
18039,0,7265.001,0,0,0,0
18043,0,88586,0,0,0,0
18051,0,38858,0,0,0,0
18053,0,1502.001,0,0,0,0
18055,0,42981.999,0,0,0,0
18057,0,35610.001,0,0,0,0
18063,134263.4188,0,0,32683.7782,0,505.002
18065,0,199617,0,0,0,0
18073,0,2163193.998,0,0,0,0
18077,0,355512,0,0,0,0
18083,0,337433.001,0,0,0,0
18089,31122,2790839.998,0,21798,0,0
18091,0,194117.001,0,0,0,135.996
18093,48804,0,0,0,0,0
18095,20283.996,0,0,0,0,0
18097,122033.988,0,0,0,0,0
18103,0,0,0,0,0,1210.001
18107,188008.9559,0,0,13812.55392,25795.7488,228181.7774
18109,0,15540.998,0,0,0,0
18125,0,200440,0,0,0,0
18127,0,82733.999,0,510297,0,0
18129,0,0,0,4765.001,0,0
18133,0,0,0,4419.998,0,239
18141,0,0,0,11180.002,381360.001,1684
18145,0,0,0,0,0,1166.001
18147,0,0,0,0,0,45
18153,0,0,0,45290.84919,0,3378.56081
18155,0,0,0,9547.30063,0,2366.23837
18157,0,0,0,127687.5835,2143631.208,1655.5435
18163,0,0,0,230393.23,0,10896.55899
18165,0,0,0,962466.4164,0,38228.13161
18167,0,0,0,79820,7719533,9507
18169,0,0,0,0,8375187,5711
18173,0,0,0,12021,4000471,6793
18177,0,0,0,0,12693602,14311
18179,0,0,0,1746,0,80.002
19001,0,0,0,0,0,232
19003,0,0,0,0,0,39.999
19005,277752.9659,0,0,1402837.442,0,275374.9338
19007,330603.9668,0,0,0,0,148205.001
19009,134034,0,0,156271,0,0
19011,560733.5034,0,0,108153.5267,37435.5611,110151.9389
19013,0,109383.997,0,0,5840955,10615
19015,0,7665,0,0,0,0
19017,0,0,16769926,475826,17004981,29030
19019,0,0,0,452202,0,0
19021,252013.4748,17754.998,0,379551.2904,3343785.255,81956.35376
19027,464605.4135,0,0,27204.5473,91357.60918,129688.8471
19029,360601.581,20,0,17085.96177,6779.89354,45049.78573
19033,209459.1848,0,0,7274.30553,2292.6947,0
19037,15795.48841,28616.94,0,0,68528.66659,0
19041,0,5744,0,0,0,0
19043,0,0,0,345612.0819,985022.8098,32163.69529
19045,89628.45897,0,0,5347.1025,907676.587,34321.16457
19047,0,0,0,0,0,274021.12
19051,0,0,0,0,0,336337.8
19053,478526.1595,0,0,130089.0704,0,18340.15612
19055,775619.2197,0,0,103876.2689,0,85482.59975
19057,618484.9016,0,0,285496.6401,0,67761.28029
19059,107720.7919,0,0,1281.36562,0,16253.87549
19061,369500.055,55686.999,0,34232.26148,84472.34972,7525.53274
19063,0,0,0,52760.31097,267149.571,0
19067,0,0,0,2949.998,1742111.999,4727.998
19073,0,0,0,1667,1203119,0
19075,0,0,0,28743,140947,10
19077,0,2402.001,4928948,0,0,18472
19079,4767,0,0,19288,1755290.001,26735.001
19081,0,0,0,4071,1187796,0
19085,0,0,0,0,0,1698
19087,0,0,0,13763,0,35515
19089,0,0,0,0,0,-175
19095,0,0,0,0,4172908,6480
19097,0,0,0,-4266.001,0,4336.998
19103,0,0,0,472899.003,0,209
19109,637119.8346,11880,0,0,234895.9116,231628.8178
19111,0,0,0,16396.2,0,425.001
19113,0,4760.909,0,92552.58028,5689911.933,1705870.471
19115,5074,0,0,380340,815026,3469582
19121,5985,0,0,0,0,0
19125,0,0,0,287081,649156.078,14522
19127,0,0,0,250597.579,163543.001,869
19131,0,0,0,0,51379,0
19133,0,0,0,807.516,0,0
19135,2.004,0,0,0,0,0
19137,358814.6058,0,0,0,177106.9493,42050.36584
19139,0,0,0,8.33678,32146.34922,44.101
19141,0,-287239,0,29979,0,5131.998
19143,0,0,0,1485.996,9950.26,578.004
19145,0,0,0,0,0,0
19147,0,0,0,23460.22,0,0.996
19151,0,0,0,0,0,0
19153,0,0,0,163144,19781962,1365651.72
19155,0,0,0,0,0,-2129
19157,0,0,0,13714,5058340,5163
19163,7503.864,0,0,0,0,0
19165,0,0,0,112138,0,514693
19169,64413,0,0,1013099.001,0,3991056
19171,183341,0,0,44710,0,0
19173,50479,0,0,24448,0,0
19175,4504.999,0,0,0,0,0
19179,0,23507.004,0,34.001,0,0
19181,0,16245.996,0,0,0,0
19187,0,27745.992,0,0,0,0
19189,0,45320.004,0,0,0,0
19193,4100.004,38781,0,0,0,0
19195,0,0,0,0,0,0
19197,0,22523,0,668.09062,0,20.61038
20001,743907,0,0,0,0,0
20009,0,94610,0,34659.36625,3781751,7449.999
20015,0,0,0,-438.999,12847808,18150
20021,0,-21.001,0,0,0,0
20023,0,0,0,0,234333.999,3939.001
20027,0,0,0,0,0,31
20031,0,102233.002,0,2575551.72,0,0
20035,0,51429.999,0,0,0,-968
20037,0,0,0,0,0,0
20041,44222.004,0,0,330.999,0,98
20045,4036.10621,0,0,8643.41428,166334.6795,171357.017
20051,0,0,0,42274,0,0
20069,0,0,0,757420.62,0,0
20077,0,0,0,44573.004,0,1287.997
20083,0,226493,0,0,0,0
20091,0,0,0,152416.099,0,2770
20093,0,5884.56,0,0,0,0
20095,0,0,0,560302.07,0,0
20097,0,0,0,3506544,0,0
20099,0,276.002,0,0,0,0
20103,0,0,0,1187,0,51.998
20105,0,0,0,1396657,0,0
20109,0,0,0,0,0,0
20113,0,0,0,0,0,0
20119,72080.004,0,0,0,0,0
20121,5553.996,0,0,45931.62,0,0
20123,0,0,0,0,0,0
20125,0,134232,0,0,0,0
20131,0,0,0,0,0,2033.001
20133,52136.608,1871.1,0,0,0,21505.999
20137,0,0,0,0,0,68.999
20139,0,0,0,0,0,-986.004
20141,0,0,0,0,0,229
20143,0,0,0,437444.78,0,0
20145,0,16604.28,0,0,0,119.004
20149,0,20294.998,0,2203616,0,0
20151,0,9420,0,0,0,119
20155,0,0,0,396.996,0,525
20159,0,0,0,61336.001,0,1848
20161,0,0,0,0,0,31
20163,0,0,0,101390,0,1968
20165,0,0,0,1605164,1855222,133728
20167,0,0,0,653.004,0,7698
20173,14173.999,9.998,0,13823,2314591.001,7930.997
20175,0,0,0,0,0,0
20177,0,0,0,248.004,0,993
20181,0,58512,0,0,0,0
20185,0,0,0,0,0,36.996
20187,0,0,0,3632823,0,0
20189,223.1,0,0,0,0,3
20191,0,0,0,53445.279,0,15
20193,6572.004,0,0,0,0,4.001
20199,0,0,0,158812.1513,0,3177.85366
20201,0,0,0,0,0,0
20205,0,0,0,0,96597.001,364
20209,0,238051.001,0,2793070.38,0,0
21015,0,0,0,71,0,-40.001
21017,0,0,0,23839,0,844
21041,0,0,0,107477,0,597.001
21049,2747.004,0,0,0,0,0
21059,0,0,0,3714064.04,0,0
21065,0,0,0,126.001,0,87
21067,0,0,0,14896,0,0
21079,3897.456,0,0,585.06,0,0
21089,0,2.999,0,0,0,0
21091,0,79407.999,0,0,0,0
21093,0,0,0,869703.3536,0,319.71639
21101,0,4174,0,1896.999,1524912.72,5435.70856
21111,0,17121.999,0,64478.58157,170920.999,847.56343
21115,256385.3679,0,0,25256.38697,0,19909.82515
21119,0,24938.004,0,0,0,0
21125,0,32988.004,0,0,0,0
21127,0,509048,0,0,0,0
21143,0,6299.999,0,0,0,0
21145,143235,0,0,1617804.1,0,0
21157,0,156959.998,0,2403220,0,0
21159,0,4053,0,0,0,0
21161,0,24181,0,0,0,0
21167,0,48807.998,0,1975076,0,0
21169,0,154389.001,0,0,0,0
21171,0,58300,0,0,0,0
21177,0,0,0,189130.598,14429288,6059.576
21183,0,0,0,150783.59,0,0
21185,0,0,0,15753.769,0,0
21199,0,0,0,4870.002,0,0
21207,169186.3374,0,0,8323.65758,0,0
21217,67723.001,0,0,0,0,0
21223,413776.001,0,0,3610.999,0,0
21233,0,0,0,1341061.998,0,165
21239,0,0,0,5018167,0,11582
22001,0,0,9653935,0,0,0
22005,0,214785,0,373954,12094679,1661853
22011,0,0,0,0,0,0
22015,0,0,0,136719,4219710,1348
22017,0,109795.001,0,0,0,0
22019,0,410414,0,1560304.3,12289357,15012.22084
22023,0,0,0,0,11382985,14192
22029,0,0,0,3256672,0,0
22031,0,34695.294,0,0,0,0
22033,0,5545.131,0,2224671.001,0,0
22039,0,0,0,108008.002,0,0
22045,0,4318,0,0,0,0
22047,237007.021,4759.001,0,764811.1908,0,14503.13119
22049,0,0,0,43351.42156,0,4815.86844
22051,0,14477.999,0,0,0,0
22053,0,926.999,0,0,0,0
22055,15536.32745,135613.17,0,1023561.415,0,31072.96038
22057,0,0,0,0,0,25.001
22061,0,0,0,78310.002,0,141.999
22069,0,2306.001,0,0,0,0
22071,47925,0,0,74687.999,429987,148
22073,21809,0,0,21262.001,0,2225.998
22075,19276,1772.999,0,2429.004,0,0
22077,0,66641.002,0,0,0,4582.996
22079,0,0,0,0,0,3360.005
22087,7269,0,0,65100.996,213898,111512.001
22089,0,9229.002,0,0,0,1
22093,0,0,0,327,0,1083.999
22095,0,0,0,0,0,416.999
22101,0,0,0,793820.349,0,8506.001
22109,0,0,0,0,0,0
22117,9288.32682,0,0,0,302684.998,342.36318
22119,0,428,0,204,0,35
22121,0,2070.09,0,0,0,1178.004
22125,192,0,0,304,28820,-373.001
23001,0,50423.998,0,1424031.513,0,1477511.243
23003,0,49385.479,0,4010,0,2735.001
23005,0,0,0,23748.011,960092.998,1144.005
23007,783737.1462,30339.539,0,150387.7597,221754.9824,7378.79482
23009,0,0,0,110662.6023,0,184521.1427
23011,402621.2601,221559,0,692027.4929,10389,17342.35307
23015,0,26131.999,0,0,0,0
23017,162731.999,2305.002,0,22640.55824,0,97.21376
23019,704.001,22837.999,0,6351735.001,21131593,14979.999
23021,0,12447,0,0,0,0
23023,0,40808.999,0,0,0,0
23025,0,24155.999,0,63615.001,10504975,0
23027,0,0,0,4258.002,8894333,0
23029,0,0,0,12938,24127678,59244
23031,0,260245.004,0,103946,0,529580.001
24001,0,48984.001,0,0,0,0
24003,0,2840.001,0,0,0,0
24005,15092.004,239422.001,0,0,0,0
24009,24245.004,0,0,0,0,0
24015,81798,0,0,0,0,0
24017,43774.008,0,0,0,0,0
24019,39327.996,0,0,0,0,0
24021,76309.008,0,0,0,0,0
24023,0,2872.98,0,0,0,0
24025,0,0,0,320245.476,251221.022,13384.999
24031,0,3026.001,10232766,70552.001,0,0
24033,0,36000,0,10512383.64,0,460507.82
24039,0,0,0,-367.001,0,-206.004
24041,0,0,0,-24,0,-48
24047,0,0,0,0,0,137.001
24510,12171,123209.001,0,0,0,0
25003,47677.311,0,0,2151923.82,2076888,25960
25005,3106.51159,17864.582,0,917859.2514,0,2113761
25007,0,0,0,2565273,0,0
25009,60259.276,434974,0,28587.68579,7004110,13063.55521
25011,92101.699,27922.359,0,143916.12,9605670.845,110169.532
25013,284832,0,0,8616514.006,11714678,2754363.002
25015,64197.998,0,0,1057690,0,0
25017,310101.876,0,0,0,0,0
25019,0,0,0,22838.999,0,0
25021,45339,6288,0,2444390.841,0,9589.416
25023,0,95995.998,0,56715.999,1605190,1018516.002
25025,2071,40477,0,3760.999,1645081.001,18134.001
25027,25586.995,22861.001,0,90.996,312332,4581.67371
26001,0,2300.001,0,250.999,0,150
26003,0,0,0,70565,0,0
26005,0,0,0,654310.4623,461311.1567,129.996
26007,0,11771.998,0,8734.85,7904.531,0
26013,0,0,0,0,0,2124
26017,0,0,0,2009.86297,318233.4918,136691.8202
26021,0,0,0,738366.004,0,137.004
26023,0,0,0,0,0,44.004
26025,0,7739,0,19449.999,0,0
26027,4.57021,0,0,2820.30579,1439306,405
26029,12774.0162,0,0,189.4238,0,0
26031,0,0,0,873869,3132074,8653
26033,0,0,0,9291.999,0,21138.998
26037,0,0,0,2355.999,0,286
26039,0,0,0,-185.001,0,-41.998
26041,0,0,0,16825.999,0,1167.997
26043,0,45051,0,817,0,4585.999
26045,0,0,0,3917,1404140,0
26047,0,11621.002,0,105,0,366
26049,0,0,6171773,17148,9307502,28
26051,0,2632,0,7177.01706,0,677.68294
26053,0,0,0,699153.688,0,0
26055,0,12624,0,0,0,8.004
26059,0,46246.999,0,703925.123,0,0
26061,0,143152.001,0,0,0,0
26063,0,90235.999,0,2411024,4064175,7469
26065,0,0,0,31337.998,0,0
26069,0,3488,0,273.996,0,226.001
26071,0,0,0,2141859.003,0,5806.001
26073,0,0,0,7988.961,0,0
26075,0,0,0,0,0,275
26077,0,0,0,15733.9804,0,21640.7786
26079,545511.5709,0,0,0,0,2773.63711
26081,0,131761,0,720.043,0,78.002
26091,0,149025.001,0,0,0,0
26093,0,0,0,0,0,0
26095,0,20102.001,0,0,0,0
26099,0,8768.001,0,43,0,365.001
26101,0,0,0,135.75578,0,22025.36422
26103,19944,6871.999,0,2452616,0,101274
26109,78073,0,0,813621,3569302,23509
26111,0,0,0,317693.6315,0,4891.98753
26113,0,0,0,5879.999,0,0
26115,0,0,13601536,0,0,0
26131,0,0,0,0,0,27153
26133,558.361,0,0,11151,3163689,0
26135,534.6,0,0,0,0,0
26137,1591.918,0,0,0,0,0
26139,4959.898,0,0,0,0,0
26141,525.69,0,0,0,0,0
26145,69.302,0,0,0,0,0
26147,0,0,0,6,11267.52,511.999
26149,0,0,0,0,42042.21451,7644.32049
26151,0,0,0,0,0,0
26153,709.83,0,0,0,0,0
26155,637.56,0,0,0,0,0
26157,0,148628,0,17906.88941,0,7194.11059
26159,0,370995.571,0,0,0,0
26161,0,61871,0,58174,14841628,254437
26163,0,123217.006,13295502,733236.999,8253486,678483.001
26165,0,9777.996,0,5848,0,60
27001,0,7632.996,0,0,0,0
27005,0,4017.996,0,0,0,0
27007,0,35135.004,0,0,0,0
27009,0,100305.996,0,0,0,0
27013,43062,354188.004,0,176,0,4681
27015,0,186407.004,0,30200,0,17241
27017,0,13104.996,0,92423,15544762,24315.002
27019,0,0,0,0,0,2910.998
27021,0,120500.999,0,0,0,0
27023,0,0,0,0,0,59
27025,0,0,0,0,0,-60.996
27027,0,0,0,57,0,-52.008
27031,0,0,0,0,0,0
27033,0,0,0,-123,0,-127.999
27035,0,0,0,0,0,-250
27037,214650.8491,27013.001,0,824.63232,407124.1985,30013.99514
27039,0,0,0,0,0,0
27041,0,0,0,0,0,0
27043,0,0,0,292615.261,0,0
27045,0,8923,0,0,0,0
27049,0,0,0,4302093.56,0,313314
27053,99107.62019,421232.999,0,7576.716,0,401298.8588
27057,0,0,0,5.004,0,6
27059,0,0,0,126.996,0,58.998
27061,0,0,0,3101053.997,0,206
27063,0,0,0,43713.002,0,816.001
27067,0,5508,0,0,0,0
27071,0,0,0,0,0,171
27075,0,0,0,372557.781,0,364
27077,0,-495820,0,0,0,0
27079,0,0,0,19271,0,0
27081,0,214591.001,0,1021365.26,61697192,152737.1388
27083,0,0,0,0,0,0
27085,0,0,0,613597.999,6499450,10002
27089,0,0,0,995992,0,0
27091,0,0,0,8062655.999,9238803,0
27093,0,131087.879,0,0,0,0
27095,0,0,0,82557,0,0
27097,13139.844,0,0,38925.13,0,0
27099,0,0,4069481,56578,3553102,2410.001
27101,26739,0,0,37599,4481874,5013
27103,0,0,0,32900,0,0
27105,91382.88081,0,0,29549.11719,0,292.92
27107,0,0,0,285,0,0
27109,0,0,0,10187.1,3375021,9573
27111,0,0,0,848963.771,0,37105.679
27113,0,0,0,202470,0,80981
27115,0,175951.999,0,0,0,0
27117,0,408822.001,0,4372.992,4038812,19752.003
27119,0,0,0,3882.004,0,647.004
27123,0,3072,0,0,4217280,10468.003
27127,0,0,0,25670.999,0,77.999
27129,0,0,0,0,3176140,3883
27133,0,78813.998,0,0,0,0
27135,0,0,0,1256776.62,0,0
27137,0,0,18023101,0,2462059,19981.004
27139,0,0,0,3489,0,0
27141,0,31941,0,0,0,0
27145,0,0,0,156,0,44
27147,0,0,0,368038.5,0,0
27149,0,0,0,4523,0,274071
27151,0,0,0,4842629,0,0
27157,0,0,0,0,0,66792
27161,0,0,0,2167584.31,0,348078.996
27163,0,0,0,3039434.86,0,20400
27165,330757.1455,0,0,7054,336316.0829,4747.84867
27169,20142.996,0,0,0,0,0
27171,0,100543.999,0,0,0,0
27173,0,368411,0,0,0,0
28001,0,580282,0,0,0,0
28007,0,295032,0,0,0,0
28009,0,449273,0,0,0,0
28011,0,29429,0,0,0,0
28019,0,87590,0,0,0,0
28021,0,10773,0,0,0,0
28023,0,315761,0,0,0,0
28025,0,96085,0,0,0,0
28027,0,514659,0,0,0,0
28033,0,724774,0,0,0,0
28035,0,62228,0,0,0,0
28039,0,20045,0,0,0,0
28047,0,36162,0,0,0,0
28049,0,50973,0,892526,0,19064
28059,0,851194,0,0,0,0
28061,0,5927,0,0,0,0
28065,0,11486,0,0,0,0
28067,0,15446,0,0,0,0
28069,0,10498,0,0,0,0
28073,0,256946,0,0,0,0
28075,0,891775,0,0,0,0
28077,0,887498,0,0,0,0
28081,0,354439,0,0,0,0
28083,0,1106263,0,0,0,0
28087,0,542509,0,0,0,0
28107,0,155720,0,0,0,0
28111,0,53556,0,0,0,0
28113,0,32138,0,0,0,0
28129,0,9194,0,0,0,0
28141,0,29231,0,0,0,0
28145,0,338636,0,0,0,0
28147,0,407024,0,0,0,0
28149,0,249380,0,0,0,0
28151,0,53325,0,0,0,0
28163,0,38887,0,0,0,0
29001,0,362973,0,0,0,0
29005,0,5192,0,0,0,0
29007,0,-265979,15230437,0,0,0
29013,228338.214,55745,0,0,0,0
29015,0,71931.001,0,0,0,0
29017,0,90516.001,0,0,0,0
29019,194876,108996.002,0,0,0,0
29021,0,31572,0,0,0,0
29023,0,0,0,0,0,0
29027,0,58652,0,0,0,0
29029,0,6185,0,0,0,0
29031,0,121959.001,0,0,0,0
29033,0,9424.999,0,0,0,0
29037,0,404266.999,0,0,0,0
29039,0,24370.002,0,0,0,0
29041,0,234970.001,0,0,0,0
29045,0,38326.001,0,0,0,0
29047,0,3078,0,0,0,0
29051,0,136388.002,0,0,0,0
29053,0,210970,0,0,0,0
29061,0,13093.998,0,0,0,0
29069,0,42592,0,325534,1133139.001,1944
29071,0,8090.002,0,0,0,0
29073,0,10208.999,0,0,0,0
29075,0,7128.001,0,0,0,0
29077,0,1113212.001,0,0,0,0
29079,0,473667,0,14334,11051838,4302
29081,0,0,0,0,12638744,14346
29083,0,0,0,0,0,0
29089,0,159492,0,0,0,0
29095,22991.004,34403,0,487445.002,21128695,31111
29097,326378.0661,0,0,18442.61456,35258.08358,22612.09679
29099,58908.67523,13160.076,0,7807.10407,53935.22808,1045.89163
29101,0,0,0,2112445.63,0,0
29107,0,0,0,11103.002,165100,0
29117,0,0,0,2865.521,0,0
29121,0,0,0,9395.417,0,-356.999
29127,0,0,0,4799004.229,0,859.5313
29131,0,0,0,0,0,0
29143,0,0,0,92331.53536,0,25089.87664
29147,0,0,0,0,658626.999,1512.998
29151,0,0,0,0,0,0
29163,0,0,0,1748205,0,0
29165,0,0,0,6119.004,0,0
29171,0,0,0,0,87192.52062,1333.45438
29175,0,0,0,0,0,680
29183,0,0,0,0,0,0
29189,0,6303.001,0,0,0,-460.992
29195,0,0,0,556895.4297,0,506.09927
29201,0,0,0,4823.561,0,0
29205,0,9410.94,0,0,0,0
29207,0,0,0,2774.999,0,129
29213,108772,0,0,5710.001,5761954,11679.002
29217,0,0,0,4812,0,562
29510,0,0,0,0,0,0
30003,0,0,0,257.001,0,162.001
30007,0,24169,0,0,0,0
30009,0,3888258,0,0,0,0
30013,333111,4627260,0,0,98364.998,12
30017,0,0,0,0,0,440.001
30027,0,482053,0,0,0,0
30029,0,0,0,62.001,0,47
30047,0,0,0,9792,0,0
30049,0,9886,0,0,0,0
30053,0,10335.6,0,0,0,0
30055,47.004,0,0,0,0,0
30057,0,6974.55,0,0,0,0
30063,1329.996,-214491,0,0,0,0
30083,0,0,13993379,0,0,0
30087,0,0,0,28.419,18396944,27469
30093,0,42564.001,0,0,27275,122.995
30111,0,22250.999,0,0.981,0,0
31001,0,71789,0,0,0,0
31015,0,60513.001,0,0,0,0
31017,0,24712.001,0,0,0,0
31019,0,29861.002,0,0,0,0
31021,0,0,0,52130.12,0,0
31023,0,0,0,31973.05887,0,58238.48513
31025,0,0,0,0,1739889.85,3472.86858
31027,1352.67378,0,0,0,1718559.334,6668.36849
31033,0,0,0,13813.83007,0,133264.8729
31039,0,0,0,3022.42422,0,1049.53578
31041,127098.996,0,0,0,0,0
31053,0,0,0,0,0,126.996
31055,311506.6356,0,0,14.9754,0,36.002
31057,0,0,0,0,0,11533.62
31061,0,46976,0,362239.149,0,4505.24198
31063,0,506688,0,0,0,0
31065,0,392116.001,0,0,0,16.001
31067,0,0,0,90157,0,12297
31071,0,0,0,8889,0,0
31073,14958,0,0,57661,2269883,894
31077,0,0,0,0,0,1160.998
31079,0,0,0,4528845,0,114057
31089,0,0,0,109025,0,2300
31091,0,0,0,180400,0,28112
31095,0,0,0,116027,2929574,26164
31097,0,0,0,198123,0,1337
31101,0,0,0,246883,0,15312
31103,0,0,0,159715,2327262,-17
31105,0,0,0,17917,0,294563.998
31109,36663.09,0,0,642812.92,0,0
31111,0,61188,0,1723164.254,0,10.09226
31119,10869.998,0,0,0,0,0
31123,0,0,0,512.004,0,69.001
31127,0,0,0,1415.12,0,0
31131,0,442089,0,0,0,0
31137,0,382548,0,0,0,0
31139,0,106021,0,0,0,0
31141,0,1036041,0,0,0,0
31145,0,81875,0,0,0,0
31147,0,0,0,0,0,0
31151,0,186560,0,0,3535764,6597
31153,0,0,0,1945398,0,13708
31169,476372.032,0,0,40660.18298,0,0
31173,108329.7164,0,0,57666.09258,0,226.361
31175,87588.963,0,0,0,0,0
31177,0,0,0,0,0,20039
31179,0,0,0,0,0,16448
31181,0,0,0,0,0,2565.002
31185,0,0,0,0,0,5412.999
32001,0,107497,0,269561.468,1065040,1881725.999
32003,0,20153237,0,3351213.749,0,724003
32007,0,0,0,73212,0,0
32011,0,114602.998,0,0,0,0
32013,0,318913.999,0,0,0,0
32015,0,207124.001,0,1164.996,1182162,0
32017,0,1065767,0,0,0,0
32019,0,470302.001,0,0,0,0
32023,0,364224,0,0,0,0
32029,0,501708,0,0,15552560,18772
32031,0,61255.002,0,945641.703,0,14762
32510,37370.004,0,0,0,0,0
33001,0,0,0,237.998,0,86
33003,0,0,0,489097.421,0,0
33007,39311.004,0,0,1603880.019,0,50441.51855
33009,306169,0,0,345222.4247,38784.51635,663.001
33011,0,748680,0,166029.4354,2668247,562134.1296
33013,0,-30030.005,0,60349,12041108,248.999
33015,0,39889.998,0,3765591.002,7002404,1557
33017,53660,0,0,16004.001,7226932,7056
33019,0,334443,0,307830,3169461,26957
34001,0,0,0,349778,25926961,25327
34003,0,149239.999,0,93901,0,0
34005,0,55881.001,0,0,0,0
34007,0,19791.999,0,0,0,0
34009,0,0,0,0,3125264,2998.001
34011,0,104524,0,78,950810.999,1767461.002
34013,0,0,0,181366.995,12495272,28746
34015,0,0,16196893,5515191,10806885,9087.999
34017,0,0,6027361,8675.001,0,9555.999
34019,0,936316.001,0,0,0,0
34021,0,178348.001,0,460284.002,0,1979.999
34023,58570.069,4828.001,0,79315.02359,8016155.113,74468.94867
34025,0,16749,0,0,0,501
34029,646679.9084,0,0,1502256.175,24213,163049.8206
34031,0,0,0,160362.999,0,512.001
34033,0,26259,0,2576583.997,0,151.001
34035,0,5,0,0,0,160.998
34037,54096.996,0,0,0,0,0
34039,94233,0,0,1350605.004,0,0
34041,0,0,0,0,0,45217.001
35001,0,33504,0,42418.001,0,89817
35009,0,0,0,283944,0,0
35013,404104,0,0,2248643,0,0
35023,0,0,0,4461.66693,0,20398.99307
35025,0,0,0,44624.61602,0,60014.77598
35029,0,16615.002,0,0,0,0
35031,0,26444.999,0,0,0,0
35037,0,10930,0,0,0,0
35039,163475.998,4657.001,0,5713,0,0
35041,3249.996,0,0,0,0,0
35045,366843.1926,0,0,5292357.409,1115510.722,213959.3197
35047,0,0,0,915.64534,132927.2157,139094.561
35051,0,10260.999,0,0,0,0
35061,163994.999,0,0,3760.001,0,0
36001,15296.97546,1872.996,0,8518.16054,0,642.003
36003,0,0,0,215,0,93.001
36005,0,13761.001,0,16421,348484,0
36007,0,56314.003,0,0,0,0
36009,0,182132.998,0,0,0,648
36011,0,0,0,1271,1543871,1365
36013,0,0,0,101091.998,0,0
36017,580623.9566,0,0,0,0,167934.3185
36019,4321.35,6763.001,0,691912,0,10850.077
36027,0,0,0,8241.001,0,2818.999
36029,167321.2182,0,0,2097822.818,0,0
36031,0,289519,0,1634587.24,0,0
36033,461686.4087,0,0,138821.843,202834.2446,69649.57168
36035,171795.001,6514.001,0,0,0,0
36037,0,0,0,281349.179,0,0
36039,0,0,0,292294.8,0,0
36043,1960,1194240.999,0,984.996,0,200.004
36045,108592.004,1506141,0,3461518.396,14668.25234,147.999
36047,14712,36249.001,0,3992275.181,23512516,19070
36049,0,1599298.999,0,3334823.83,13421815,16383
36053,84527,0,0,0,0,0
36055,350994.0235,86625.09,0,408733.2279,0,1572.95564
36057,0,0,0,0,0,0
36059,137641.7748,2373.999,0,2740198.585,2215822.504,36344.97152
36061,42109.62,0,0,43332.442,1394292.39,8314.35785
36063,0,6007991.999,0,32022.905,0,1961.321
36065,0,0,0,4162.996,2338159,3
36067,0,0,0,2566297.399,0,106946.999
36069,0,5403.421,0,0,0,0
36071,0,0,0,13024.003,66269,123.999
36073,99614,0,0,0,0,0
36075,1073035.341,13881.291,0,1639831.842,150262.422,26650.24
36077,70252.251,0,0,0,0,0
36079,39979.52,0,0,0,0,0
36081,121162.972,24090,0,1825689,0,85526.014
36083,0,0,0,21300.15209,5751630,44305.58091
36085,0,0,0,12011.99966,0,14614.29134
36087,0,0,0,160663,4198830,57832.999
36089,1102078.05,791977.997,0,3235732.08,4335514.512,93144.38333
36091,0,164215.998,0,1706042.34,9685833,71650.002
36093,0,15300.001,0,0,0,0
36095,88070.004,0,0,0,0,0
36099,0,0,0,0,0,0
36101,0,98047.002,0,0,0,0
36103,239246,-42431,8244134,2454453.288,18126041.33,632158
36105,0,0,0,872687.45,3585945,10810
36109,0,0,0,3641083.939,0,28
36111,0,0,0,71623,2533352,4740
36113,4993.08571,0,0,1940.41429,0,0
36115,0,0,0,3316921.479,20244.80307,5081.42366
36117,0,308982.999,0,0,0,0
36119,0,1905867.999,0,0,0,0
36121,0,73150,0,0,0,0
36123,0,14168.999,0,0,0,0
37001,0,8010.001,0,0,0,0
37007,0,56911.999,0,0,0,0
37013,0,11705,0,0,0,0
37017,0,32838.003,0,0,0,0
37019,0,177236,0,0,0,0
37021,0,566539.001,0,0,0,0
37023,0,13261.999,15037450,0,0,0
37025,0,14963.001,0,0,0,0
37027,0,0,0,20140,10174242,0
37031,0,0,0,0,0,30710
37035,54216.29929,9118.999,0,28417.52459,49044.44076,24031.96909
37037,0,24710,0,0,1815399,98235
37039,0,0,0,9929,0,0
37041,0,0,0,17026,2599074,0
37043,0,0,0,54550.999,2639132,0
37045,0,0,0,3261077,0,384
37047,0,0,0,2201422,0,0
37049,0,0,0,4375561,0,1761
37051,0,2072.001,0,0,0,27
37055,0,78015,0,0,0,0
37057,0,0,0,521500,0,12534
37061,0,0,0,948483,3584276,4257
37065,0,0,0,0,10385398,9193
37067,0,0,0,567293.161,5107558,0
37069,0,0,0,86,0,0
37071,0,0,0,6020605.999,0,1429.999
37075,0,0,0,16546,15740948,0
37081,0,6010,0,0,0,97545.996
37083,0,22764.001,0,293255.38,0,779.05497
37087,0,0,0,56,0,200.005
37089,6333,0,0,0,2099807.001,1919
37091,0,0,0,0,0,573.996
37095,0,0,0,0,0,34
37097,0,0,0,2380,0,1562.999
37099,0,0,0,22659.002,2905862,547
37107,0,2543,0,12529,0,479
37109,0,0,0,2174.62,0,627
37113,0,0,0,0,0,315.996
37115,0,274.002,0,0,0,-132.996
37117,0,0,0,120.002,31688,107.001
37119,0,0,0,3725.24054,0,63.68946
37123,0,4026,0,0,0,0
37129,0,0,0,472.362,0,3.996
37135,0,0,0,0,0,0
37145,0,5785,0,195.996,0,0
37147,0,0,0,224.004,0,210.001
37149,0,0,0,0,0,115
37151,0,0,0,5310.10281,0,67453.63719
37153,146.59194,0,0,1466.73163,6714.24071,5.11445
37155,122813.1945,0,0,14974.15544,34005.01416,2580.99494
37157,122122,13993.001,0,14160,2919401,0
37159,0,0,0,38.004,0,445.001
37161,0,5543.999,0,0,0,0
37167,0,0,0,320.001,0,-99.001
37169,262147.4766,0,0,0,56695.63873,2997.58565
37173,0,0,0,0,0,11957.196
37183,333692.5358,0,0,148947.5192,0,0
37191,272148.6011,0,0,13903.38296,27516.21113,21753.93282
37195,443920.8041,0,0,2566.67283,170484.6185,74864.51154
38017,12567.91748,0,0,2073.28632,229669.6792,20004.312
38035,3891.1729,0,0,2638.56,20911.56809,0
38055,0,0,0,0,0,50725.7
38057,5411.79087,66760.656,0,92434.83298,116334.5212,915.50699
38059,0,2558.001,0,0,73836.508,0
38065,0,1312.001,0,0,0,0
38067,0,22933.998,0,0,0,0
38077,0,0,0,0,0,0
38093,0,10215.998,0,0,0,0
38097,20098.001,0,0,49.002,0,21.999
38099,0,0,0,75.996,0,34
38101,0,0,0,0,0,100.001
38105,0,20628.001,0,0,0,0
39001,0,0,0,8.004,0,209
39003,0,8271.002,0,0,0,-99.001
39007,0,0,0,0,0,104.001
39009,0,0,0,7232,2589371,0
39011,0,0,0,3230018,0,0
39017,37442,2474017,0,99213.19204,0,32622.25796
39023,0,49563.001,0,0,0,0
39025,0,0,0,2688927.924,0,0
39031,0,35423,0,0,0,0
39033,22843.59052,7116.001,0,0,457725.9352,17015.26836
39035,0,2265979.003,0,0,0,0
39037,0,37700.996,0,0,0,0
39039,0,0,0,1666663,0,346527
39045,242078.4246,0,0,15762.78793,92777.76152,0
39049,0,23679.996,0,0,8976345,116736.999
39051,0,0,0,0,0,0
39053,0,0,0,0,0,64777.003
39061,0,0,0,6642492,1617859,74079
39069,0,0,0,42865.451,0,0
39079,60336.64,0,0,2762,0,54584
39081,0,0,0,3824317,0,503.001
39085,0,0,0,644.30495,0,160.79505
39087,0,479189,0,311288,0,5859
39093,63518.511,27762,0,4229938.399,0,10.70206
39095,0,655429,18487804,533,6816105,64877
39101,0,1473666,0,0,0,0
39103,0,67891,0,0,9143272,15566
39105,0,1235546,0,0,0,0
39109,0,0,0,0,14114152,5567
39111,0,0,0,0,9121292,11282
39113,0,1706476,0,100,4826107,8296
39119,0,191938,0,0,4848642,28433
39123,0,1156694,0,0,0,0
39129,0,498017,0,0,18346524,70538
39131,0,84374,0,0,0,0
39139,0,970427,0,19823,7143328,11834
39141,0,0,0,0,4967005,2288
39143,0,0,0,36324,7421852,14835
39145,0,0,0,0,9030100,19817
39149,0,738066,0,0,0,0
39153,0,654719,0,0,0,0
39155,0,1537384,0,0,0,0
39157,0,191979,0,0,0,0
39163,0,1023999,0,0,0,0
39165,0,22626,0,0,0,0
39167,0,1980882,18755368,0,0,818.004
39169,0,0,9856903,117752,0,9414.996
39171,76191.79206,0,0,158522.31,0,4748.79193
39173,394685.997,0,0,391115.131,3181902,0
40015,0,1990.001,0,200758.878,0,149448.599
40017,0,0,0,507017,0,192
40023,0,0,0,0,0,233.002
40027,0,0,0,0,0,148.002
40031,0,0,0,2188,0,0
40039,0,0,0,1436.999,0,0
40051,0,0,0,0,0,3
40055,0,0,0,2.004,0,14
40061,0,13712.002,0,0,0,0
40071,68974.22007,16048.041,0,162.996,0,469.43693
40073,0,0,0,0,0,1958
40079,0,0,0,0,0,5169.999
40083,0,0,0,0,0,2728.001
40087,0,0,0,0,0,-152.001
40089,0,0,5722795,0,0,0
40093,0,0,0,40430,0,604
40097,0,0,0,186206,2393738,1040569.999
40099,0,63415.001,0,0,0,0
40101,0,0,0,122.004,0,10
40103,0,0,0,0,0,519.999
40107,0,0,0,0,0,332.001
40109,240400.903,0,0,0,0,0
40119,0,209,0,533265.0156,10385874,122834.5944
40121,0,12339.998,0,1.941,0,0
40131,0,506.002,0,0,0,0
40133,0,11752.001,0,0,0,0
40135,0,6031.001,0,0,0,0
40143,0,0,0,157089.3802,0,12740.33279
40145,0,0,0,0,0,54
40153,0,0,0,522743.2074,0,24317.01963
41001,509904,0,0,0,0,0
41005,21023.92953,0,0,2872670.774,541133.7855,1437.32952
41007,0,2907.999,0,22.001,0,77
41009,0,349542,0,0,0,321.001
41017,0,27261,0,788,0,0
41019,0,25163.001,0,1566855.762,0,3921
41021,0,0,0,-433,0,-414
41023,0,0,0,264171,0,0
41027,0,0,0,1635103,0,21811
41029,0,0,19063405,960194,8267171,15966
41031,0,0,0,587247.002,35765883,48916
41035,157704.307,1149653,0,203482.1323,96821,779.94874
41039,0,7013545.999,0,49900.001,247754.999,24223.001
41043,0,9158945.001,0,0,0,0
41045,0,22134956,0,0,0,0
41047,0,7940644,0,0,0,0
41049,0,2695650.001,0,0,0,0
41051,0,233320.999,0,0,0,0
41055,0,0,0,11861.39308,12721.45592,0
41057,0,923961,0,0,0,0
41059,0,693729,0,36605.999,23422463,11406
41063,0,-215196,0,0,6050641,175405
41065,0,0,7830693,0,7481373,10648
41071,0,0,0,0,0,1308
42001,0,202205.001,0,4886,0,7070
42003,0,2927776.999,0,789972.848,0,31936.002
42005,0,1588000,0,190478.1371,0,522.11394
42007,0,0,0,812849.3005,1199704.341,33529.62985
42011,0,72,0,326936.56,0,8.82
42013,12491.86746,0,0,13237.55411,176148.1878,690.98881
42015,0,0,0,0,0,17558.939
42017,0,0,0,35111.998,1215304.997,4222.997
42021,0,0,0,919.999,739671,186405
42025,0,0,0,0,0,3455761
42029,8828.004,0,0,0,0,1295496.999
42031,0,429709,0,307863.001,0,0
42033,0,88503,0,10507.1112,63560.71732,979.42246
42035,0,0,0,-386.001,153914.002,4019.999
42037,0,3894,0,0,0,0
42039,0,57463.998,0,0,0,0
42041,0,49513.002,0,0,0,0
42043,0,17519.999,0,0,0,25331
42045,0,5836255,0,155221.9366,0,3148.99343
42047,0,619386,0,0,0,0
42049,0,2016615,0,0,0,0
42051,0,878132,0,20364.93368,0,524.98632
42055,0,0,0,294445.9,0,0
42061,0,0,0,277268.46,0,0
42063,0,0,0,450003.2791,33211.975,376077.2739
42069,170939,0,0,729,0,507
42071,366627,0,0,0,0,0
42075,0,21784.001,0,20392.824,0,563.496
42077,112828.998,8012,0,0,0,21760.999
42079,117308.001,37888.001,0,0,0,29019.001
42081,0,0,0,0,0,0
42089,0,0,0,23905.998,0,348
42091,48827.999,0,0,30113.43287,95310,49502.17713
42093,0,0,0,2283.996,0,143
42095,0,738391,0,1004246,8511029,143192
42097,0,0,0,0,4101861,14784
42101,0,-1034454,28315294,2371676,21051142,4460220
42107,511523,0,0,449648,586489,92168
42109,0,0,0,58.001,38336,0
42111,131819.5761,0,0,9443.89687,0,0
42115,106917,0,0,804.999,0,0
42117,0,0,0,515.999,0,49
42119,16666,12693.998,0,135,0,22.999
42121,0,0,0,417.996,0,36
42123,0,51009,0,0,0,0
42125,0,11892,0,24746.96,0,0
42127,0,0,0,105.996,0,33
42129,0,3121.001,0,0,0,0
42131,0,2546,0,0,0,0
42133,518087,1160239,8981583,8907,0,50.001
44005,0,96356,0,0,0,0
44007,60495,2657569.002,0,682381.997,0,143.999
44009,154077,0,0,91463.0401,0,4859.89587
45001,0,0,0,185.004,0,254
45003,3794.998,0,0,0,0,895
45007,0,11561.001,0,284143.8122,55904.1261,711.60268
45013,0,2823,0,0,0,84.998
45015,0,0,0,10008.003,0,297.003
45019,0,0,0,30312.312,0,77.999
45021,0,19466,0,643.996,1653043.599,1801.97922
45031,0,0,0,0,0,0
45039,0,0,0,679251,0,44388
45043,169192,0,0,0,0,16
45045,0,0,0,737364,2938091,4492
45047,626581.7516,0,0,7443.19968,8027.25024,2595.26646
45051,840522.5067,0,0,3880.17677,196946.7404,20955.53722
45053,470844.9361,0,0,46795.82868,254620.7825,66139.03672
45055,27289,0,0,0,0,20593.72
45057,340227.1665,0,0,11001.59754,0,0
45061,0,0,0,0,0,0
45063,0,0,0,284354,0,0
45065,0,0,0,0,0,0
45073,0,0,0,0,386775.1266,375.57944
45075,408655,0,0,0,0,0
45077,0,0,0,0,0,0
45079,510196.2502,0,0,122500.8798,0,52787.28806
45083,0,0,0,0,0,386205
45087,113148.2077,0,0,0,0,3153643.945
45091,238892.8121,16588.44,0,44017.63267,22889.92027,90663.17802
46005,0,0,0,0,0,95215.201
46013,0,0,0,0,0,0
46015,86331.996,0,0,0,0,0
46017,0,0,0,659051.95,0,0
46023,0,0,0,0.996,0,0
46027,0,0,0,0,0,50.997
46037,104350.1136,0,0,4003.05861,0,1226.66283
46049,0,0,0,231,0,12
46051,205080.2663,0,0,375762.3552,114460.0091,1791.6254
46065,17810.999,0,0,0,0,0
46069,0,0,0,15925.481,42164,377.999
46077,26567.002,0,0,0,0,0
46099,0,0,0,0,0,35
46103,0,0,0,0,0,0
46115,0,0,0,2552.999,0,148.001
46117,0,0,0,252.996,0,204.001
46135,0,0,0,4314.63612,0,386.42388
47001,0,59514.996,0,0,3246933,9875
47009,0,59729,0,0,0,0
47019,0,84974,0,0,0,0
47027,0,5220,0,0,0,0
47037,0,61297.002,8013967,52076,7184066,232
47041,0,0,0,2830,1152805,138
47043,0,0,0,19693,8231009,13
47051,0,0,0,27997,0,12214
47063,0,0,0,29687,0,8
47065,0,104032.999,0,1101.001,20117,0
47067,3132,0,0,0,0,0
47071,17226,0,0,36.998,0,44
47073,0,0,0,5114.999,0,0
47075,0,195024,0,0,5632136,365023
47085,0,0,0,183913,0,2913
47089,0,0,0,350,0,0
47093,0,0,0,19409,0,482
47105,0,28764,0,0,0,0
47111,0,0,0,0,7104030,6016
47119,16430.004,0,0,0,0,0
47125,0,32659.999,0,0,0,0
47139,0,128031.996,0,0,0,88.001
47143,0,38640.996,0,0,0,0
47145,0,4335,0,0,0,0
47151,0,0,0,16203,2457202,0
47155,0,12557.004,0,0,0,0
47157,16432,38286.996,0,79892.999,3427394,1750.001
47159,2003.999,0,0,0,0,0
47161,0,0,3873882,0,0,0
47163,0,178752,0,99359.999,0,-365.001
47165,0,0,10132736,11546,0,0
47177,0,0,0,14956.001,0,315
48003,0,0,0,655,0,400
48005,0,0,0,1185.999,0,0
48013,0,8537.001,0,0,0,0
48021,0,25665.999,0,0,0,0
48029,25984,0,0,3.33768,0,1902.65232
48035,0,0,0,61580.44,0,3361
48039,1804.997,3327,0,104955.56,577252,191864.001
48041,0,3287,0,294,0,0
48053,0,1152009,0,123029.2,0,3839.001
48057,2694.996,227563,0,0,0,52.005
48061,7714.992,0,0,0,0,0
48065,4248.996,0,0,0,0,0
48067,8135.004,0,0,0,0,0
48071,43587,0,0,0,0,0
48073,0,0,0,5319.996,0,360.001
48081,0,0,0,33775,575092,0
48083,0,0,0,24.72858,19289.02311,6811.25833
48085,0,167355.002,0,0,0,0
48091,31584,0,0,0,0,0
48109,0,0,0,1511,0,5448422
48113,0,0,0,1070739.089,25101.27353,82074.2897
48121,0,0,21371967,2098973,5659881,2521632
48123,0,0,0,1251.996,0,200.004
48139,0,0,0,473282.7752,395307,5110.52383
48141,0,110924.988,0,1577461.812,0,26.44397
48147,0,0,0,0,16783.85248,416885.7055
48149,0,0,0,128772,0,0
48157,0,14104,0,5272.399,0,0
48161,0,0,0,2433558.325,0,30166.03584
48163,0,0,0,540282.24,0,0
48165,0,0,0,527.16611,0,8.82
48167,139092.2422,10677.149,0,2261.82867,8033856.64,22376.399
48175,0,0,0,249820.619,0,0
48177,0,0,0,1.004,2038231,1254
48179,0,0,0,0,5637674,4932
48181,0,0,0,1681605.028,0,199.77173
48183,0,0,0,0,759910.719,1141.43599
48185,0,0,0,2954395,0,0
48187,37329.1946,86967.999,0,69791.31526,78555.8404,215249.3937
48195,0,0,0,0,129041.268,0
48197,0,0,0,88952.70173,0,66.13827
48201,405244.005,7358.001,0,6079179.588,38733.87214,367479.5299
48203,1082,0,0,13085,18770201,13227
48207,0,0,0,2628,0,0
48209,0,0,0,0,0,0
48213,404453.1073,0,0,62450.31057,21496.01678,4487.98528
48215,20939.999,2691,0,6012213.22,0,0
48221,14453.999,0,0,0,0,852.631
48227,29455.001,56806.001,0,0,0,0
48229,17289.239,0,0,0,0,0
48231,53029,0,0,0,0,0
48233,12938.83,0,0,0,0,0
48245,16565.54446,365403.999,0,1949175.76,444540.3545,2097262.209
48251,0,238553,0,0,0,0
48253,0,124760.001,0,0,0,0
48257,0,382003.997,0,0,0,0
48277,0,126849.001,0,0,0,0
48279,0,53043.002,0,0,0,0
48291,0,81206.999,0,0,0,0
48299,0,-120721,0,0,0,0
48303,0,0,0,0,10837363,10544
48309,0,6687,0,18265,21218637,16855
48315,0,0,0,2271,1450057,3246
48321,0,7626.001,0,0,0,0
48323,0,0,0,23378,6018733,770
48331,0,12032.001,0,0,0,0
48335,0,16797.997,0,0,0,0
48339,0,155445.999,0,198414.999,0,0
48341,0,0,0,115165.002,0,0
48343,0,0,0,475217,0,0
48347,0,0,0,33558,0,0
48351,0,72154,0,156945,0,0
48353,392651.8169,0,0,1538990.215,227677.9947,30142.12278
48355,384970.0087,0,0,2446090.532,67954.25779,35378.44692
48361,29282,0,0,420482.8422,6483338.334,7441
48363,0,0,0,364440.643,0,8248.019
48367,0,0,0,903909.8547,0,247.82526
48371,0,390605,0,119029.5632,0,188722.9248
48377,14265,0,0,0,0,0
48383,17295,0,0,0,0,0
48387,17283,0,0,0,0,0
48395,12303.996,0,0,0,0,0
48401,65680.002,0,0,10110,0,0
48409,37513.008,0,0,0,0,0
48415,19559.004,0,0,0,0,0
48425,20955.996,0,0,0,0,0
48427,44148,0,0,0,0,0
48437,24509.004,0,0,0,0,0
48439,185576.004,0,0,23098,0,296.003
48441,0,62891,0,3179068,0,0
48445,0,45419,0,0,0,0
48449,0,330521,0,23863.001,0,0
48453,0,70832.999,0,1142059.285,0,0
48459,0,0,0,9238.001,0,0
48461,0,0,0,2813773.09,0,0
48465,0,8862,0,0,0,0
48467,0,0,0,0,0,3266
48469,0,0,0,0,0,14006.003
48475,0,0,0,0,0,2575.001
48479,0,0,0,0,0,3847.001
48481,0,0,0,0,0,4809.998
48485,0,107273,0,21349.45536,0,6208.14264
48487,0,0,0,1417855.761,0,198083
48497,0,0,0,222170,0,5748
48499,0,0,0,398547,0,10351
48501,0,0,0,689286,0,5996524
48503,0,0,0,204845,0,1640344
49001,0,0,0,0,0,2711
49003,0,0,0,0,0,188614
49005,24166.18771,2401.738,0,0,0,172051.7243
49007,242014,0,0,5630210,0,0
49009,0,0,0,3887.77376,92858.25391,38276.03031
49011,223334.004,0,0,0,0,0
49013,0,0,0,1723.73304,0,1105.52796
49015,0,28542.998,0,0,0,0
49017,0,4701,0,0,0,0
49023,0,20873.999,0,0,0,0
49035,19400,3726.999,0,316611.8432,37428.54745,17704.33137
49039,0,1574518.002,0,0,0,0
49043,0,240269.001,0,0,0,0
49045,0,153015,0,0,0,0
49047,0,186701,0,0,0,0
49049,191193,0,0,110157.451,0,50442.881
49051,9604.999,20272.999,0,0,0,0
49053,0,637461.999,0,1323532,0,0
49057,0,1456262.002,0,0,0,0
50001,2679.999,154773,0,1407241.08,0,0
50003,0,0,0,39596.748,0,0
50005,0,1576.001,0,2148592.779,0,147
50007,7721.32716,23128,0,4733.25979,96234.54905,41.07442
50009,0,14666,0,10340,0,0
50011,0,-97082,0,0,0,0
50015,0,62245.001,0,0,0,906
50017,0,0,0,0,903789,1753.999
50019,0,321512.001,0,0,0,0
50021,0,0,0,242442.383,757657,11841.003
50023,232581,0,5938600,581942.4089,0,316.72113
50025,460977.7465,0,0,548314.9586,257983.4924,30934.46859
50027,29457.20904,8672,0,1044.30796,0,0
51001,0,0,0,9550,12503677,12206
51005,0,0,0,3148.999,0,59.999
51007,0,31017,0,5256,0,0
51009,233248.7237,0,0,69803.25128,0,10360.05805
51019,0,3676,0,0,0,0
51025,0,0,0,5514,0,0
51027,0,0,0,699755,0,1271
51031,0,9098.001,0,0,0,0
51033,0,0,0,0,0,686981
51035,0,7675,0,2198536,0,0
51036,0,0,0,273672.842,0,0
51041,0,0,0,3495053,0,0
51059,0,0,0,231929.0511,0,2979.89893
51061,0,0,0,3979415,0,0
51065,66847,0,0,6501.90814,124510.56,3761.96989
51067,67148,0,0,0,0,0
51071,179106.001,0,0,0,0,0
51077,0,82158.12,0,0,0,0
51081,0,0,0,15295.842,0,0
51083,182796.2452,21407.999,0,21283.54939,143606.4225,0
51085,0,5961.999,0,0,0,0
51087,0,11659.001,0,0,0,0
51089,0,80638,0,0,0,0
51093,0,6820.999,0,0,0,0
51099,52124.999,0,0,0,0,0
51131,133216,0,0,0,0,0
51143,994416,0,0,39700,0,0
51149,0,0,0,0,0,16848
51153,0,41111.002,0,12527,0,86612.994
51155,0,10679.997,0,0,0,0
51159,49402,0,0,0,0,143.999
51161,49104,0,0,0,0,0
51165,67664,0,0,380825.216,0,101279.999
51167,0,0,0,333949.7,0,0
51175,0,214340.999,0,0,0,0
51181,0,1482.001,0,0,0,0
51191,0,198296,0,0,0,0
51197,0,192888.002,0,0,0,0
51199,0,49892.001,0,0,0,0
51670,78376,0,0,0,0,0
51740,513465,0,0,0,0,0
53005,0,317432.999,0,0,0,0
53007,0,344404,0,0,0,0
53009,0,0,0,355065.784,0,44847
53011,0,0,8013969,0,0,0
53013,0,0,12130546,0,0,0
53015,0,17820,0,421519.7783,24396.47,77143.64975
53017,0,0,0,179199,0,27342
53025,0,0,0,616,3882386.998,3306
53027,15180,0,0,4400,1289548.435,147050.8773
53031,0,0,0,0,0,0
53033,0,272019.002,0,366,0,1981.003
53039,0,0,0,514.001,0,728.998
53041,0,0,0,1189.002,0,934.002
53043,0,0,0,0,0,0
53045,0,0,0,0,0,169.001
53047,0,0,0,14511,0,0
53051,531756,0,0,3811,636937.001,561.001
53053,521451,898760,0,118180.1322,85567.0952,6121.11365
53055,0,0,0,0,96681,0
53057,0,13186.995,0,0,0,1263.07677
53059,0,17067,0,0,0,0
53061,0,42018.999,0,0,0,0
53063,48580.992,74590.999,0,1279,0,0
53065,153934,0,0,568847.7382,0,0
53067,0,58525.999,0,0,0,0
53071,0,0,0,143958.016,0,0
53073,0,0,0,1656695.253,0,0
53075,0,0,0,419338.082,0,0
53077,715883.7612,0,0,0,0,72088.17777
54003,47998,0,0,0,0,0
54011,95152,0,0,0,0,0
54019,0,0,0,0,4246555,7367
54023,0,0,0,435,2187720,3139
54033,0,0,0,1180,0,0
54037,0,0,0,1331506.391,0,0
54039,0,0,0,637078.401,0,49.53838
54049,0,0,0,77015.256,0,0
54051,0,0,0,0,0,17399
54053,0,0,0,2032846.46,0,216443
54061,397643,0,0,0,0,195708
54073,0,8414.016,0,43849.5016,645930.3065,480.32594
54077,0,0,0,214022,0,5618
54093,0,0,0,2003,0,8392
54099,128763.3532,0,0,8536.5563,0,2177.65247
54103,0,0,0,67614.001,0,0
54107,0,0,0,14094.998,0,0
55003,29335.001,0,0,0,0,0
55005,172547.3998,0,0,111044.1302,0,36288.38596
55009,0,12713.999,0,51160.999,0,3383.001
55011,0,0,0,1909.76519,182948.7994,598.75741
55013,6176,0,0,3025394.11,0,0
55017,26427.996,0,0,0,0,0
55025,106497.372,0,0,55311,0,471
55027,3813,0,0,733.99327,325821.4566,872.02213
55029,0,0,0,450244,0,8598
55031,328699,0,0,0,0,0
55033,1037944,0,0,0,0,0
55035,302718,0,0,0,0,0
55037,343678,0,0,0,0,0
55039,2998.999,0,0,0,0,0
55043,0,0,0,207408.81,0,0
55051,0,0,0,51027.82,0,0
55053,5615.33,20987.01,0,0,0,0
55055,0,0,0,338977.6666,38426.42261,40.36676
55057,0,756,0,0,0,0
55059,0,498,0,0,0,0
55061,0,0,0,1039966,0,0
55063,0,0,0,0,0,0
55065,0,0,0,0,0,0
55069,0,0,0,799697.092,0,87.58764
55071,57892.648,0,0,0,0,0
55073,95580,0,0,8532897.559,0,746550
55075,49068.64992,0,0,1804135.622,376053.1174,21051.98101
55079,0,3602.998,0,2454715.527,0,0
55083,0,31858,0,1334052.999,0,0
55085,0,0,0,0,0,0
55087,0,0,0,5368063.079,4850326,987
55093,0,6534,0,0,0,0
55095,0,7120,0,0,0,0
55097,448146.5065,0,0,642018.7119,284768.1676,40456.21204
55099,0,0,0,31717,6980912,122634
55103,0,0,0,0,1844939,273847
55105,0,0,0,4023198,13030773.34,1489.49429
55107,0,0,0,219860,0,602
55109,0,136.62,0,0,0,0
55111,0,0,0,309974,0,0
55113,0,0,0,4014969,18106299,0
55117,0,0,0,16659.024,0,4.001
55121,0,0,0,64033.76447,618075.0065,0
55123,0,0,0,0,0,5.001
55125,0,0,0,0,0,92.001
55129,0,0,0,1308086,0,0
55131,0,0,0,28772.004,0,0
55139,0,0,0,0,0,0
55141,59612.32284,0,0,38235.32854,111303.0236,14744.001
56005,119930.988,0,0,0,0,0
56007,183095.7222,0,0,452172,276501.7258,896455
56009,0,0,4311943,0,0,0
56013,0,0,0,967020.3811,0,5450.8329
56023,0,0,0,520163,0,0.98
56025,0,0,0,332846.7625,0,348473.47
56029,0,178559,0,2087,359053,0
56039,339845.3146,0,0,5251.27711,0,103572.8554
56041,385567.7031,0,0,188259.2979,0,0
56045,65217.999,0,0,0,0,0