Consolidated.Description,State.ID,State,Latitude,Longitude,Fuel ,Prime.Mover,Cooling.System,CHP ,Generation.(MWh) 
1,1,AK,64.67141,-147.075988,CL,ST,,Y,68209
1,1,AK,64.825601,-147.648627,CL,ST,,Y,71042.994
1,1,AK,64.847743,-147.735063,CL,ST,,Y,191062
2,1,AK,64.854171,-147.822075,CL/DFO,ST,,Y,47355.275
9,1,AK,64.7356,-147.3481,JF/DFO,CC,,N,273333.005
11,1,AK,60.676539,-151.377713,NG,CC,,N,371284
11,1,AK,61.229713,-149.716744,NG,CC,,N,445581.997
11,1,AK,61.167417,-149.905304,NG,CC,,N,909356
11,1,AK,61.1861,-151.0356,NG,CC,,N,1020951
17,1,AK,63.8542,-148.95,OT,ST,,N,185905
1,2,AL,31.488019,-87.910747,CL,ST,MULTI,N,1876861.007
1,2,AL,32.6017,-87.7811,CL,ST,ON,N,2756619.032
1,2,AL,34.7439,-87.8486,CL,ST,ON,N,3588287.031
1,2,AL,34.883022,-85.755253,CL,ST,ON,N,3705847.958
1,2,AL,33.644344,-87.196486,CL,ST,ON,N,5247433.018
1,2,AL,33.244211,-86.458056,CL,ST,ON,N,6432608.962
1,2,AL,33.6319,-87.0597,CL,ST,RTND,N,18478397.24
3,2,AL,34.0128,-85.9708,CL/NG,ST,ON,Y,216750.001
11,2,AL,31.0069,-88.0103,NG,CC,ON,N,12981028.97
11,2,AL,34.6292,-87.0214,NG,CC,RTID,N,991669
11,2,AL,32.6514,-86.7386,NG,CC,RTID,N,3035953
11,2,AL,31.400255,-86.476449,NG,CC,RTID,N,3193339.013
11,2,AL,34.6397,-87.0639,NG,CC,RTID,Y,3837308
11,2,AL,32.6497,-86.74,NG,CC,RTID,N,4476599
11,2,AL,32.381352,-86.574366,NG,CC,RTID,N,4790497
11,2,AL,33.000669,-85.903278,NG,CC,RTID,N,5027955
11,2,AL,32.6078,-85.0975,NG,CC,RTID,N,10167617
11,2,AL,30.43203,-88.18241,NG,CC,,Y,71749
11,2,AL,30.7478,-88.0575,NG,CC,,N,468635
11,2,AL,32.310226,-86.52542,NG,CC,,Y,537102
11,2,AL,32.426016,-86.870912,NG,CC,,Y,550417
11,2,AL,31.2504,-88.0156,NG,CC,,Y,828885
11,2,AL,30.525445,-88.128477,NG,CC,,Y,1525962
16,2,AL,34.7042,-87.1189,NUC,ST,ON,N,26738300
16,2,AL,31.2231,-85.1116,NUC,ST,RTID,N,14505389
17,2,AL,31.5825,-87.4889,OT,ST,,Y,11305
17,2,AL,33.582793,-86.779866,OT,ST,,Y,13707
17,2,AL,33.568164,-86.79873,OT,ST,,Y,29687.82
17,2,AL,32.960714,-87.655419,OT,ST,,Y,31795
17,2,AL,34.735,-87.3108,OT,ST,,Y,35425.535
17,2,AL,31.5825,-87.4889,OT,ST,,Y,75571
17,2,AL,33.328107,-86.356825,OT,ST,,Y,115281
17,2,AL,31.4894,-87.8989,OT,ST,,Y,123427.36
17,2,AL,32.4541,-87.9759,OT,ST,,Y,153489.999
17,2,AL,33.4885,-86.9212,OT,ST,,N,186610.01
17,2,AL,32.2268,-88.0252,OT,ST,,Y,251787.003
17,2,AL,31.077,-87.1116,OT,ST,,Y,261135.996
17,2,AL,30.736487,-88.051643,OT,ST,,Y,288525.003
17,2,AL,31.9698,-87.4806,OT,ST,,Y,461168.001
17,2,AL,32.4187,-86.4718,OT,ST,,Y,544777.993
17,2,AL,32.1761,-85.0272,OT,ST,,Y,637812.16
1,3,AR,36.2561,-94.5241,CL,ST,RC,N,3635660.007
1,3,AR,35.6644,-89.9489,CL,ST,RTID,N,3626618.97
1,3,AR,33.649722,-93.811944,CL,ST,RTID,N,4422640.975
1,3,AR,34.4228,-92.1406,CL,ST,RTND,N,10526995.36
1,3,AR,35.678442,-91.408761,CL,ST,RTND,N,10990483.71
11,3,AR,35.260102,-91.363426,NG,ST,ON,N,3132
11,3,AR,34.4341,-92.9049,NG,ST,ON,N,90653
11,3,AR,33.5648,-92.7917,NG,ST,ON,N,117552.003
11,3,AR,34.4297,-92.8317,NG,CC,RTID,N,131859
11,3,AR,35.8619,-90.0253,NG,CC,RTID,N,156765.996
11,3,AR,34.5923,-92.2166,NG,CC,RTID,N,159242
11,3,AR,34.29759,-92.868344,NG,CC,RTID,N,1266981
11,3,AR,33.296146,-92.589364,NG,CC,RTID,N,6248560
11,3,AR,35.462382,-93.804926,NG,CC,,N,26085
11,3,AR,34.2181,-91.9025,NG,CC,,Y,1058494
16,3,AR,35.311,-93.2351,NUC,ST,MULTI,N,14478259
17,3,AR,33.6417,-94.1083,OT,ST,ON,Y,719065.999
17,3,AR,36.060514,-91.919802,OT,ST,,Y,6808
17,3,AR,34.5136,-91.5331,OT,ST,,Y,30960
17,3,AR,33.7061,-91.2371,OT,ST,,Y,119227
17,3,AR,34.221213,-91.907365,OT,ST,,Y,424054
17,3,AR,33.1421,-91.975,OT,ST,,Y,494285.609
1,4,AZ,34.9394,-110.3033,CL,ST,MULTI,N,6630104.983
1,4,AZ,32.0603,-109.8931,CL,ST,RTID,N,2620963.018
1,4,AZ,34.5789,-109.2708,CL,ST,RTID,N,5419903.049
1,4,AZ,34.3186,-109.1639,CL,ST,RTID,N,10534766.78
1,4,AZ,36.9047,-111.3886,CL,ST,RTID,N,17297076.44
3,4,AZ,32.16,-110.9047,CL/NG,ST,RTID,N,834567
11,4,AZ,32.975,-112.6944,NG,CC,RTID,N,1081
11,4,AZ,33.5561,-112.2153,NG,ST,RTID,N,12139
11,4,AZ,33.4225,-111.9122,NG,ST,RTID,N,74245
11,4,AZ,33.3556,-111.9353,NG,CC,RTID,N,702452
11,4,AZ,34.8678,-114.5317,NG,CC,RTID,N,1106812
11,4,AZ,33.3417,-112.8897,NG,CC,RTID,N,1128760
11,4,AZ,33.47596,-113.113434,NG,CC,RTID,N,1311008
11,4,AZ,32.9042,-111.7889,NG,CC,RTID,N,1464694
11,4,AZ,32.975,-112.694444,NG,CC,RTID,N,1602451
11,4,AZ,33.4417,-112.1583,NG,CC,RTID,N,1603916
11,4,AZ,33.345,-112.864167,NG,CC,RTID,N,1797783
11,4,AZ,35.054029,-114.133272,NG,CC,RTID,N,2411226
11,4,AZ,32.975,-112.6944,NG,CC,RTID,N,2566958
11,4,AZ,33.3325,-111.7503,NG,CC,RTID,N,2794179
11,4,AZ,33.345047,-112.864227,NG,CC,RTID,N,3393145
11,4,AZ,33.334562,-112.840641,NG,CC,RTID,N,3684787
11,4,AZ,32.240833,-110.948333,NG,CS,,Y,34038.27
11,4,AZ,32.229922,-110.952797,NG,CS,,Y,47690.05
11,4,AZ,33.417222,-111.928333,NG,CS,,Y,50419
11,4,AZ,32.728822,-114.654053,NG,CC,,Y,61811
11,4,AZ,32.7214,-114.7106,NG,ST,,N,189393
16,4,AZ,33.3881,-112.8617,NUC,ST,RTID,N,32320917
17,4,AZ,34.503158,-110.334953,OT,ST,,N,170105.997
1,5,CA,35.765767,-117.383584,CL,ST,RTID,Y,331215
8,5,CA,40.300833,-120.105,GEO,ST,,N,1525
8,5,CA,32.7842,-115.2475,GEO,ST,,N,33960
8,5,CA,32.7757,-115.2637,GEO,ST,,N,46944
8,5,CA,33.1669,-115.5114,GEO,ST,,N,52329
8,5,CA,38.8348,-122.7677,GEO,ST,,N,69072
8,5,CA,33.158,-115.6475,GEO,ST,,N,70725
8,5,CA,32.7757,-115.2637,GEO,ST,,N,71914
8,5,CA,32.8156,-115.2568,GEO,ST,,Y,79904
8,5,CA,32.7881,-115.2481,GEO,ST,,Y,83900
8,5,CA,38.762968,-122.692915,GEO,ST,,N,89366
8,5,CA,33.158,-115.6475,GEO,ST,,N,110714
8,5,CA,38.8339,-122.881,GEO,ST,,N,139692
8,5,CA,38.7881,-122.7219,GEO,ST,,N,207225
8,5,CA,32.7146,-115.518,GEO,ST,,N,248386
8,5,CA,33.1633,-115.6167,GEO,ST,,N,271038
8,5,CA,33.157,-115.6386,GEO,ST,,N,295485
8,5,CA,33.1533,-115.6384,GEO,ST,,N,303206
8,5,CA,33.1646,-115.616,GEO,ST,,N,317092
8,5,CA,38.7903,-122.7559,GEO,ST,,N,318272
8,5,CA,33.158153,-115.638656,GEO,ST,,N,324243
8,5,CA,36.0019,-117.7886,GEO,ST,,N,340994
8,5,CA,33.1777,-115.6033,GEO,ST,,N,344670
8,5,CA,33.1779,-115.565,GEO,ST,,N,359218
8,5,CA,38.7492,-122.7117,GEO,ST,,N,371135
8,5,CA,33.204635,-115.573303,GEO,ST,,N,429194
8,5,CA,36.0192,-117.7917,GEO,ST,,N,449159
8,5,CA,38.752,-122.7195,GEO,ST,,N,469471
8,5,CA,36.0372,-117.7981,GEO,ST,,N,473318
8,5,CA,38.7879,-122.7434,GEO,ST,,N,490053
8,5,CA,38.777,-122.745,GEO,ST,,N,4591707
10,5,CA,33.932022,-117.840233,LFG,CC,,N,225238.85
11,5,CA,37.7107,-121.4906,NG,CC,DC,N,642715
11,5,CA,39.053139,-121.695873,NG,CC,DC,N,1183721
11,5,CA,33.910556,-118.425,NG,CC,DC,N,1688677
11,5,CA,38.0569,-122.2161,NG,CS,DC,Y,1802253
11,5,CA,39.3661,-122.27,NG,CC,DC,N,2480830
11,5,CA,38.0175,-121.7587,NG,CC,DC,N,3242261
11,5,CA,32.581481,-116.914969,NG,CC,DC,N,3650654
11,5,CA,38.039168,-121.894469,NG,ST,MULTI,N,75895
11,5,CA,34.2067,-119.2511,NG,ST,ON,N,145751
11,5,CA,33.909804,-118.424172,NG,ST,ON,N,180713
11,5,CA,34.1292,-119.1689,NG,ST,ON,N,228795
11,5,CA,33.8504,-118.395,NG,ST,ON,N,249851
11,5,CA,33.1361,-117.3364,NG,ST,ON,N,538642
11,5,CA,33.6439,-117.9792,NG,ST,ON,N,912234
11,5,CA,33.7688,-118.1009,NG,ST,ON,N,1369722
11,5,CA,33.764741,-118.09913,NG,CC,ON,Y,2628045
11,5,CA,36.804837,-121.782241,NG,CC,ON,N,4152565
11,5,CA,34.1556,-118.2782,NG,CC,RTID,N,145360
11,5,CA,34.09118,-117.52663,NG,ST,RTID,N,212625
11,5,CA,34.8606,-116.8539,NG,CC,RTID,N,248282
11,5,CA,37.425,-121.9319,NG,CC,RTID,N,254382
11,5,CA,32.802222,-115.54,NG,CC,RTID,N,1165974
11,5,CA,38.088056,-121.3875,NG,CC,RTID,N,1316266
11,5,CA,37.4878,-120.8956,NG,CC,RTID,N,1468675
11,5,CA,34.244991,-118.391327,NG,CC,RTID,Y,1560975
11,5,CA,33.6157,-114.6865,NG,CC,RTID,N,1687604
11,5,CA,34.1786,-118.3153,NG,CC,RTID,N,1702201
11,5,CA,37.63466,-122.13381,NG,CC,RTID,N,2247152
11,5,CA,33.738839,-117.170369,NG,CS,RTID,N,2332292
11,5,CA,37.2207,-121.7457,NG,CC,RTID,N,2461413
11,5,CA,33.1197,-117.117778,NG,CC,RTID,N,2598647
11,5,CA,35.2097,-119.585,NG,CC,RTID,N,2860595
11,5,CA,38.030071,-121.873004,NG,CC,RTID,Y,3540552
11,5,CA,35.280318,-119.470707,NG,CC,RTID,Y,3924149
11,5,CA,34.5953,-117.3647,NG,CC,RTID,N,3964940
11,5,CA,38.338475,-121.123978,NG,CC,RTID,N,3980086
11,5,CA,34.9556,-118.844,NG,CC,RTID,N,5097286
11,5,CA,38.0169,-121.8439,NG,CC,RTID,N,5187071
11,5,CA,34.0818,-117.2418,NG,CC,RTID,N,6172663.1
11,5,CA,35.2956,-119.5919,NG,CS,RTID,N,6558024
11,5,CA,38.573889,-121.501389,NG,ST,,Y,53
11,5,CA,33.6433,-117.9556,NG,ST,,Y,1379
11,5,CA,33.7771,-118.2303,NG,CC,,N,13074
11,5,CA,37.4058,-121.9272,NG,CC,,N,15661
11,5,CA,39.052922,-121.696072,NG,CC,,Y,15854
11,5,CA,33.8912,-117.6085,NG,CC,,Y,17583
11,5,CA,32.911111,-115.568056,NG,ST,,Y,18408.66
11,5,CA,36.617022,-120.099846,NG,CC,,Y,28616
11,5,CA,33.924898,-118.067853,NG,CC,,Y,31761
11,5,CA,33.8759,-118.2491,NG,CC,,Y,35961
11,5,CA,37.0001,-121.5367,NG,CC,,Y,61371
11,5,CA,34.1254,-118.148,NG,ST,,N,64791
11,5,CA,36.5397,-119.5794,NG,CC,,Y,70505
11,5,CA,32.778225,-117.070114,NG,CC,,Y,71452
11,5,CA,37.760833,-122.456111,NG,CC,,Y,72693
11,5,CA,33.861667,-117.893056,NG,CC,,Y,75765
11,5,CA,34.138467,-118.1256,NG,CC,,Y,81059.02
11,5,CA,33.7856,-118.2644,NG,CC,,Y,88957
11,5,CA,33.6481,-117.8467,NG,CC,,Y,111103
11,5,CA,34.0564,-118.2436,NG,CC,,Y,122096
11,5,CA,36.6842,-119.5522,NG,CC,,Y,135389
11,5,CA,37.870331,-122.26337,NG,CC,,Y,164784.998
11,5,CA,33.1185,-117.0995,NG,CC,,Y,165136
11,5,CA,34.161951,-119.047916,NG,CC,,Y,173706
11,5,CA,32.7353,-117.2083,NG,CC,,Y,181729
11,5,CA,34.463896,-118.593991,NG,CC,,Y,189014
11,5,CA,32.8747,-117.2392,NG,CC,,Y,203055
11,5,CA,35.440539,-119.012861,NG,CC,,Y,205849
11,5,CA,34.0692,-118.4439,NG,CC,,Y,210941.999
11,5,CA,37.368153,-121.943607,NG,CC,,Y,211640
11,5,CA,33.989626,-117.680911,NG,CC,,Y,229402
11,5,CA,40.507292,-122.423281,NG,CC,,N,255735
11,5,CA,32.70516,-117.189665,NG,CC,,Y,304838
11,5,CA,32.679269,-117.122447,NG,CC,,Y,324928.65
11,5,CA,38.445681,-121.462387,NG,CC,,Y,376060.002
11,5,CA,37.429848,-122.176284,NG,CC,,Y,394299
11,5,CA,34.464819,-120.044365,NG,CC,,Y,395042
11,5,CA,37.652602,-121.020397,NG,CC,,N,448888
11,5,CA,36.225,-121.1278,NG,CC,,Y,511787
11,5,CA,38.7928,-121.3811,NG,CC,,N,538616
11,5,CA,38.0169,-122.1117,NG,CC,,Y,705908
11,5,CA,38.530943,-121.400128,NG,CC,,Y,729178
11,5,CA,38.511,-121.4735,NG,CC,,Y,760404
11,5,CA,38.0244,-122.0589,NG,CC,,Y,774724
11,5,CA,37.9418,-122.3909,NG,CC,,Y,800250
11,5,CA,37.3767,-121.9508,NG,CC,,N,885049
13,5,CA,33.7683,-118.2836,NG/OBG,CC,,Y,146209.002
13,5,CA,33.9986,-118.2219,NG/OBG,CC,,N,868213.998
14,5,CA,33.816647,-118.244841,NG/OG/WO,CC,,Y,3067298.981
16,5,CA,35.211536,-120.855542,NUC,ST,ON,N,16985978
17,5,CA,33.918151,-118.427648,OT,ST,ON,N,1133912.01
17,5,CA,33.8431,-118.2347,OT,ST,,Y,228
17,5,CA,38.0314,-122.1139,OT,ST,,Y,810
17,5,CA,35.9542,-119.0461,OT,ST,,Y,1807
17,5,CA,34.8659,-116.8251,OT,ST,,N,9191
17,5,CA,34.8621,-116.8281,OT,ST,,N,11040
17,5,CA,37.806944,-121.2775,OT,ST,,N,15940
17,5,CA,40.470833,-122.331111,OT,ST,,Y,21995
17,5,CA,40.303422,-121.244431,OT,ST,,Y,22654
17,5,CA,35.040833,-120.636667,OT,ST,,N,25329
17,5,CA,40.4731,-122.3206,OT,ST,,Y,28736.25
17,5,CA,34.0408,-117.8217,OT,ST,,N,31150
17,5,CA,33.613,-117.8219,OT,ST,,N,34035
17,5,CA,37.966389,-120.317777,OT,ST,,Y,38490.57
17,5,CA,38.057222,-122.218889,OT,ST,,Y,42002.94
17,5,CA,34.033206,-117.906129,OT,ST,,N,43055
17,5,CA,41.435556,-122.376944,OT,ST,,Y,52280
17,5,CA,35.014836,-117.565903,OT,ST,,N,52488
17,5,CA,35.020981,-117.566079,OT,ST,,N,55827
17,5,CA,35.012166,-117.555672,OT,ST,,N,58369
17,5,CA,35.00694,-117.555768,OT,ST,,N,58830
17,5,CA,35.01948,-117.55553,OT,ST,,N,60197
17,5,CA,40.8786,-123.9942,OT,ST,,N,66791
17,5,CA,37.1867,-120.4903,OT,ST,,N,67541
17,5,CA,33.85336,-118.33,OT,ST,,Y,68496
17,5,CA,37.106668,-120.248504,OT,ST,,N,71848
17,5,CA,35.7415,-119.0512,OT,ST,,Y,72584
17,5,CA,33.9949,-118.1538,OT,ST,,N,72854
17,5,CA,38.018056,-122.2344,OT,ST,,Y,91160
17,5,CA,40.4728,-124.1014,OT,ST,,Y,96646
17,5,CA,38.277778,-120.913611,OT,ST,,N,106968.004
17,5,CA,40.8767,-121.7016,OT,ST,,Y,112579
17,5,CA,38.9032,-121.3097,OT,ST,,Y,112715
17,5,CA,33.791667,-118.234722,OT,ST,,Y,113924.56
17,5,CA,35.547452,-119.07536,OT,ST,,Y,115714.251
17,5,CA,37.719939,-121.48867,OT,ST,,N,119365
17,5,CA,40.7995,-124.2028,OT,ST,,N,123768.005
17,5,CA,37.874056,-120.477556,OT,ST,,N,134777.002
17,5,CA,37.3853,-121.141,OT,ST,,N,154112
17,5,CA,35.0308,-117.3563,OT,ST,,N,159038
17,5,CA,35.033,-117.338,OT,ST,,N,159803
17,5,CA,39.1062,-122.1096,OT,ST,,N,170417.997
17,5,CA,39.941165,-120.909211,OT,ST,,Y,175011.8
17,5,CA,36.755896,-120.365422,OT,ST,,N,179347.001
17,5,CA,38.6905,-121.7371,OT,ST,,N,183432.005
17,5,CA,40.368338,-120.264848,OT,ST,,N,187290.001
17,5,CA,38.8319,-121.313652,OT,ST,,N,189810.005
17,5,CA,36.688915,-119.723218,OT,ST,,N,193070.003
17,5,CA,33.7803,-118.24,OT,ST,,Y,203584.57
17,5,CA,33.77697,-118.22821,OT,ST,,Y,214262
17,5,CA,40.879719,-121.720342,OT,ST,,Y,214792.996
17,5,CA,33.759236,-118.239922,OT,ST,,Y,220061.002
17,5,CA,35.576323,-119.006245,OT,ST,,Y,257523.005
17,5,CA,37.943633,-121.330433,OT,ST,,Y,281497.999
17,5,CA,35.7144,-119.2337,OT,ST,,N,301036
17,5,CA,35.765,-117.3833,OT,ST,,Y,316298.021
17,5,CA,33.586,-116.0873,OT,ST,,N,327982.003
17,5,CA,34.0233,-118.0241,OT,ST,,N,356834
17,5,CA,40.428329,-122.279248,OT,ST,,N,384285
18,5,CA,35.556111,-115.468611,SUN,ST,DC,N,129263
18,5,CA,35.580833,-115.4825,SUN,ST,DC,N,137856
18,5,CA,35.533056,-115.4525,SUN,ST,DC,N,151966
18,5,CA,33.665,-114.998055,SUN,ST,DC,N,576113
18,5,CA,35.5667,-119.2,SUN,ST,,N,13.58
1,6,CO,38.2081,-104.5747,CL,ST,FDHB,N,8289783.03
1,6,CO,40.0195,-105.202,CL,ST,RC,N,1047943.048
1,6,CO,40.860905,-105.021207,CL,ST,RC,N,2167444.966
1,6,CO,38.2383,-108.5069,CL,ST,RTID,N,417583.997
1,6,CO,38.824444,-104.833333,CL,ST,RTID,N,1169606.02
1,6,CO,38.633451,-104.70577,CL,ST,RTID,N,1328386.003
1,6,CO,40.2217,-103.6803,CL,ST,RTID,N,2704997.979
1,6,CO,39.807275,-104.964548,CL,ST,RTID,N,3075374.027
1,6,CO,40.4856,-107.185,CL,ST,RTID,N,3156779.958
1,6,CO,40.4627,-107.5912,CL,ST,RTID,N,9281410.042
1,6,CO,40.254167,-103.791111,CL,ST,,Y,7530
3,6,CO,39.7606,-105.215,CL/NG,ST,,Y,177468.245
11,6,CO,38.6281,-104.7069,NG,CC,DC,N,1802796
11,6,CO,40.2415,-103.631,NG,CC,RTID,N,64736
11,6,CO,40.0986,-104.7736,NG,CC,RTID,Y,584017
11,6,CO,40.0908,-104.5953,NG,CC,RTID,N,2452794
11,6,CO,40.2461,-104.8742,NG,CC,RTID,N,3694061
11,6,CO,40.00759,-105.269204,NG,CC,,Y,7183.982
11,6,CO,38.881389,-104.816944,NG,ST,,N,8037
11,6,CO,39.5173,-107.7299,NG,CC,,Y,8416
11,6,CO,39.6692,-105.0018,NG,CC,,N,192959
11,6,CO,38.320833,-104.52639,NG,CC,,N,1180870
17,6,CO,37.145556,-107.784722,OT,ST,,N,42386
17,6,CO,39.648056,-106.943056,OT,ST,,N,43673
1,7,CT,41.1706,-73.1844,CL,ST,ON,N,831988.003
11,7,CT,41.872043,-71.895799,NG,CS,DC,N,4406248
11,7,CT,41.1692,-73.1844,NG,CC,ON,N,2544680
11,7,CT,41.224355,-73.099728,NG,CS,RTID,N,3072530
11,7,CT,41.553227,-72.596867,NG,CC,RTID,N,3323204.032
11,7,CT,41.4336,-72.0983,NG,ST,,Y,9399
11,7,CT,41.3315,-72.0786,NG,ST,,Y,26939
11,7,CT,41.7631,-72.6733,NG,CC,,Y,47263
11,7,CT,41.809167,-72.254167,NG,CC,,Y,116889.848
11,7,CT,41.9227,-72.6255,NG,CC,,Y,119342.977
11,7,CT,41.558333,-73.413611,NG,CC,,Y,129704
12,7,CT,41.7639,-72.6925,NG/DFO,CC,,Y,29561.72
16,7,CT,41.3107,-72.1677,NUC,ST,ON,N,15840619
17,7,CT,41.554944,-72.579075,OT,ST,MULTI,N,234537.005
17,7,CT,41.4281,-72.1019,OT,ST,ON,N,48631
17,7,CT,41.283997,-72.904323,OT,ST,ON,N,233791.999
17,7,CT,41.440497,-72.835134,OT,ST,,N,39284
17,7,CT,41.664376,-71.92418,OT,ST,,N,94420
17,7,CT,41.6492,-72.9153,OT,ST,,N,103414
17,7,CT,41.584429,-72.041629,OT,ST,,N,109387
17,7,CT,41.475,-72.0688,OT,ST,,N,129798
17,7,CT,41.750521,-72.652982,OT,ST,,N,375431.997
17,7,CT,41.1625,-73.2083,OT,ST,,N,480850
1,8,DE,38.5857,-75.2341,CL,ST,RTID,N,871739.003
11,8,DE,39.73886,-75.50384,NG,ST,ON,N,852310
11,8,DE,39.7436,-75.5072,NG,CC,RTID,N,4596837.063
11,8,DE,39.149549,-75.547335,NG,CC,,Y,172864
12,8,DE,39.176222,-75.546628,NG/DFO,ST,RTID,N,33479
17,8,DE,39.5871,-75.6343,OT,ST,ON,Y,338781
1,9,FL,30.5661,-87.2244,CL,ST,MULTI,N,3469284.032
1,9,FL,28.9656,-82.6977,CL,ST,MULTI,N,11760274.96
1,9,FL,27.7944,-82.4036,CL,ST,ON,N,10116411.73
1,9,FL,27.0389,-80.5125,CL,ST,RTID,Y,659633.999
1,9,FL,30.4225,-81.6064,CL,ST,RTID,Y,879977
1,9,FL,30.4308,-81.5508,CL,ST,RTND,N,7144486.045
1,9,FL,29.733056,-81.632778,CL,ST,RTND,N,8210874.049
1,9,FL,30.6692,-84.8869,CL,ST,,N,31637
3,9,FL,27.7286,-81.9897,CL/NG,CC,RC,N,1592638.997
3,9,FL,29.7592,-82.3878,CL/NG,ST,RTID,N,879546
10,9,FL,26.287966,-80.166526,LFG,CC,,N,37482
11,9,FL,30.2686,-85.7003,NG,CC,MULTI,N,4505384.998
11,9,FL,25.4356,-80.3308,NG,CC,MULTI,N,18371295.98
11,9,FL,27.641667,-81.9625,NG,CC,OC,N,2430723.955
11,9,FL,27.633382,-80.377551,NG,CC,ON,N,18026
11,9,FL,30.376389,-83.180556,NG,ST,ON,N,497448
11,9,FL,28.184444,-82.788611,NG,ST,ON,N,2433908
11,9,FL,26.0686,-80.1984,NG,CC,ON,N,4435023.078
11,9,FL,26.7653,-80.0525,NG,CC,ON,N,4826932.987
11,9,FL,27.9072,-82.4231,NG,CC,ON,N,6796071
11,9,FL,27.859535,-82.601759,NG,CC,ON,N,6799969.012
11,9,FL,28.4698,-80.7644,NG,CC,ON,N,6845355.002
11,9,FL,26.6967,-81.7831,NG,CC,ON,N,8620066
11,9,FL,27.6058,-82.3456,NG,CC,RC,N,7293430.975
11,9,FL,28.8419,-81.3256,NG,CC,RC,N,9206252
11,9,FL,27.0536,-80.5628,NG,CC,RC,N,10667947.02
11,9,FL,27.788215,-81.869983,NG,CC,RC,N,11408933
11,9,FL,29.628338,-81.585084,NG,CC,RTID,N,591502.993
11,9,FL,28.442623,-81.412343,NG,CS,RTID,Y,906896
11,9,FL,30.162304,-84.200673,NG,CC,RTID,N,1255733
11,9,FL,28.0525,-81.8083,NG,CC,RTID,N,1389853
11,9,FL,30.4522,-84.4,NG,CC,RTID,N,1463943
11,9,FL,27.383889,-80.3775,NG,CC,RTID,N,1862817.007
11,9,FL,28.488246,-81.166944,NG,CC,RTID,N,1979161
11,9,FL,28.0801,-81.9229,NG,CC,RTID,N,2201392
11,9,FL,30.320556,-81.947222,NG,CC,RTID,N,3526963
11,9,FL,28.2764,-81.533,NG,CC,RTID,N,3569609
11,9,FL,28.4822,-81.1678,NG,CC,RTID,N,6075238.911
11,9,FL,26.6986,-80.3747,NG,CC,RTID,N,19764923.29
11,9,FL,28.0542,-81.8058,NG,CC,,Y,712
11,9,FL,28.0797,-81.9228,NG,CC,,N,2589
11,9,FL,26.612767,-80.0677,NG,CC,,N,12946
11,9,FL,30.4178,-81.5978,NG,ST,,Y,77402
11,9,FL,28.9158,-81.676,NG,CC,,Y,137452
11,9,FL,28.374622,-82.188887,NG,CC,,Y,171985
11,9,FL,29.6461,-82.3208,NG,CC,,N,242833
11,9,FL,27.87082,-81.825061,NG,CC,,Y,319207.6
11,9,FL,28.4263,-81.5809,NG,CC,,N,369445
11,9,FL,27.6364,-81.9636,NG,CC,,N,371395
11,9,FL,27.8489,-81.8775,NG,CC,,Y,388397
11,9,FL,30.5664,-87.115,NG,CC,,Y,464851
11,9,FL,27.746369,-81.849446,NG,CC,,N,1072432
16,9,FL,27.348611,-80.246389,NUC,ST,ON,N,15817574
17,9,FL,30.4172,-81.5525,OT,ST,ON,N,3708484.914
17,9,FL,28.5819,-82.4311,OT,ST,RC,N,107595.997
17,9,FL,26.5769,-80.7469,OT,ST,RTID,Y,241017.003
17,9,FL,29.7675,-82.396388,OT,ST,RTID,N,578212.004
17,9,FL,30.681823,-81.455413,OT,ST,RTID,Y,624545.002
17,9,FL,30.4447,-82.7842,OT,ST,,Y,23443
17,9,FL,30.5958,-87.2525,OT,ST,,Y,37039
17,9,FL,30.266057,-85.52067,OT,ST,,N,40177
17,9,FL,30.4522,-82.8644,OT,ST,,Y,70463
17,9,FL,28.740206,-81.889188,OT,ST,,N,71110
17,9,FL,30.3349,-84.8182,OT,ST,,N,98652
17,9,FL,27.949528,-82.421182,OT,ST,,N,140853
17,9,FL,28.3681,-82.5583,OT,ST,,N,171503
17,9,FL,26.2878,-80.1581,OT,ST,,N,173951
17,9,FL,28.0274,-81.8475,OT,ST,,N,195617.997
17,9,FL,28.1663,-82.1388,OT,ST,,Y,207420.92
17,9,FL,27.8605,-82.3903,OT,ST,,Y,225654.09
17,9,FL,26.7351,-80.9377,OT,ST,,Y,226630.005
17,9,FL,30.141984,-85.621103,OT,ST,,Y,236607.092
17,9,FL,27.76522,-81.938787,OT,ST,,Y,238284
17,9,FL,30.6612,-81.473,OT,ST,,Y,261615.992
17,9,FL,27.954901,-82.340469,OT,ST,,N,282840
17,9,FL,30.0688,-83.5253,OT,ST,,Y,316365.074
17,9,FL,26.0687,-80.1986,OT,ST,,N,322301.01
17,9,FL,27.908,-81.9185,OT,ST,,Y,326750.56
17,9,FL,26.631549,-81.760656,OT,ST,,N,328150.001
17,9,FL,25.8356,-80.3566,OT,ST,,N,346190.001
17,9,FL,26.771389,-80.141944,OT,ST,,N,350200.006
17,9,FL,27.8733,-82.6741,OT,ST,,N,355099
17,9,FL,29.6807,-81.6809,OT,ST,,Y,387134.997
17,9,FL,30.5966,-87.3264,OT,ST,,Y,404026.776
17,9,FL,27.833642,-82.051937,OT,ST,,Y,522590.16
1,10,GA,31.444728,-84.134696,CL,ST,ON,N,71770
1,10,GA,32.356287,-81.168347,CL,ST,ON,N,256912.001
1,10,GA,34.2528,-85.3456,CL,ST,ON,N,1130525.98
1,10,GA,33.195,-83.2983,CL,ST,ON,N,2537860.048
1,10,GA,33.4622,-84.8986,CL,ST,RTID,N,716054.005
1,10,GA,33.41342,-85.032329,CL,ST,RTID,N,4852781.029
1,10,GA,34.1256,-84.9222,CL,ST,RTND,N,15975305.17
1,10,GA,33.0606,-83.8075,CL,ST,RTND,N,18894545.75
3,10,GA,32.1486,-81.1458,CL/NG,ST,ON,N,591877.001
3,10,GA,31.844708,-83.940734,CL/NG,ST,,N,525
3,10,GA,32.143989,-81.14655,CL/NG,ST,,Y,47996
11,10,GA,32.4856,-83.6039,NG,CC,RTID,Y,197047.996
11,10,GA,32.277252,-81.284411,NG,CC,RTID,N,1448272
11,10,GA,33.4083,-85.0403,NG,CC,RTID,N,1622571
11,10,GA,34.7094,-84.9175,NG,CC,RTID,N,1903665
11,10,GA,33.4072,-85.0386,NG,CC,RTID,N,3020533
11,10,GA,33.406385,-85.036988,NG,CC,RTID,N,5965153
11,10,GA,32.3478,-81.1817,NG,CC,RTID,N,7328125
11,10,GA,33.8239,-84.4758,NG,CC,RTID,N,17021960
16,10,GA,31.9342,-82.3447,NUC,ST,RTID,N,14509992
16,10,GA,33.1427,-81.7625,NUC,ST,RTND,N,18060190
17,10,GA,31.213645,-81.546165,OT,ST,ON,N,2935
17,10,GA,31.166,-85.0951,OT,ST,ON,Y,584599.996
17,10,GA,32.100354,-81.124248,OT,ST,RTID,Y,668878.001
17,10,GA,31.164772,-81.478724,OT,ST,,Y,14375.4
17,10,GA,34.9536,-83.3786,OT,ST,,N,102432
17,10,GA,31.741629,-81.407856,OT,ST,,Y,106715
17,10,GA,32.5036,-82.8443,OT,ST,,Y,125456.935
17,10,GA,32.2544,-84.0667,OT,ST,,Y,212878.998
17,10,GA,32.331274,-81.201496,OT,ST,,Y,243892.192
17,10,GA,32.1561,-81.1586,OT,ST,,Y,286128.115
17,10,GA,31.6593,-81.8439,OT,ST,,N,372638.601
17,10,GA,33.045278,-84.125556,OT,ST,,N,380645
17,10,GA,33.328259,-81.953078,OT,ST,,Y,408454
17,10,GA,31.175406,-81.521637,OT,ST,,Y,427059.004
17,10,GA,34.2528,-85.3275,OT,ST,,Y,435948.351
17,10,GA,32.7714,-83.6281,OT,ST,,Y,511568.341
1,11,HI,21.303419,-158.106528,CL,ST,RTID,Y,1481909.044
4,11,HI,19.7317,-156.0283,DFO,CC,,N,295738
4,11,HI,20.80117,-156.492981,DFO,CC,,N,546402
6,11,HI,21.302106,-158.096318,DFO/RFO,CC,,Y,1309575.999
7,11,HI,21.899583,-159.585042,DFO/WO,CC,,N,13598
7,11,HI,20.0939,-155.4711,DFO/WO,CC,,N,182295.004
8,11,HI,19.478976,-154.888362,GEO,ST,,N,195339
17,11,HI,21.3068,-157.8819,OT,ST,ON,N,1594
17,11,HI,21.388997,-157.961518,OT,ST,ON,N,1031646
17,11,HI,21.356395,-158.128853,OT,ST,ON,N,2643695
17,11,HI,19.6316,-155.0313,OT,ST,,N,43042
17,11,HI,20.896884,-156.462696,OT,ST,,N,126421
17,11,HI,20.867453,-156.453958,OT,ST,,Y,151391.509
17,11,HI,19.7041,-155.0607,OT,ST,,N,170674
17,11,HI,21.300036,-158.098615,OT,ST,,N,382606.995
1,12,IA,41.18,-95.8408,CL,ST,MULTI,Y,10799462.39
1,12,IA,41.54,-90.4481,CL,ST,ON,Y,635836.005
1,12,IA,41.944039,-91.639167,CL,ST,ON,Y,703370.002
1,12,IA,41.8081,-90.233611,CL,ST,ON,N,787812.997
1,12,IA,41.3917,-91.0569,CL,ST,ON,Y,958600.004
1,12,IA,40.7412,-91.116667,CL,ST,ON,N,1122914.048
1,12,IA,43.3359,-91.1675,CL,ST,ON,N,1328875.993
1,12,IA,42.299794,-96.361707,CL,ST,ON,N,3342136.964
1,12,IA,42.3006,-96.3617,CL,ST,ON,Y,4323333.046
1,12,IA,41.9221,-91.6875,CL,ST,RTID,Y,941471.997
1,12,IA,41.0961,-92.555833,CL,ST,RTID,N,2632396.017
1,12,IA,41.3181,-91.0931,CL,ST,RTID,N,4970028.954
1,12,IA,42.665941,-93.902606,CL,ST,,Y,341
1,12,IA,41.624438,-93.584515,CL,ST,,Y,23694
1,12,IA,41.1386,-92.6467,CL,ST,,Y,90563.012
3,12,IA,43.1606,-95.2569,CL/NG,ST,,N,13175
3,12,IA,42.5267,-92.4394,CL/NG,ST,,N,13714
3,12,IA,42.0275,-93.6394,CL/NG,ST,,Y,114848
11,12,IA,42.047333,-92.859444,NG,ST,RTID,N,30701
11,12,IA,41.5563,-93.5283,NG,CC,RTID,N,79271
11,12,IA,43.094,-93.292222,NG,CC,RTID,N,1013806
11,12,IA,41.1136,-94.3472,NG,CC,,N,6418
11,12,IA,42.5031,-90.658611,NG,ST,,N,11074
11,12,IA,40.389167,-91.394167,NG,CC,,Y,124405
16,12,IA,42.1011,-91.7781,NUC,ST,MULTI,N,4152468
17,12,IA,42.0258,-93.6089,OT,ST,RTID,N,283170.002
17,12,IA,41.8206,-90.2097,OT,ST,RTID,Y,838855.003
17,12,IA,42.513608,-92.459122,OT,ST,,Y,13413
17,12,IA,41.6572,-91.54,OT,ST,,Y,65504.947
1,13,ID,43.6058,-116.5753,CL,ST,,Y,39954
3,13,ID,42.5328,-114.4328,CL/NG,ST,,Y,46019.498
11,13,ID,43.904444,-116.819722,NG,CC,RTID,N,1049876
11,13,ID,47.7858,-116.9203,NG,CC,RTID,N,1201397
11,13,ID,42.6056,-113.6839,NG,CS,,Y,74717.16
17,13,ID,46.423056,-116.976389,OT,ST,RTID,Y,379869.002
17,13,ID,44.954853,-116.387134,OT,ST,,Y,28818
17,13,ID,47.331006,-116.890352,OT,ST,,Y,30311
17,13,ID,42.908412,-112.52944,OT,ST,,Y,74878
1,14,IL,37.619747,-88.953114,CL,ST,OC,N,1714574.046
1,14,IL,39.754803,-89.602389,CL,ST,OC,N,2346720.989
1,14,IL,39.0586,-89.4031,CL,ST,OC,N,5250486.032
1,14,IL,38.9361,-88.2781,CL,ST,OC,N,6726876.005
1,14,IL,41.4931,-88.1153,CL,ST,ON,N,1126329.022
1,14,IL,41.3028,-89.315,CL,ST,ON,N,1686603.039
1,14,IL,42.3833,-87.8133,CL,ST,ON,N,2785108.03
1,14,IL,38.8639,-90.1347,CL,ST,ON,N,3138835.99
1,14,IL,40.5958,-89.6631,CL,ST,ON,N,3713710.999
1,14,IL,41.6334,-88.0629,CL,ST,ON,N,4072413.993
1,14,IL,41.494636,-88.123827,CL,ST,ON,N,5061425.962
1,14,IL,39.590556,-89.496389,CL,ST,ON,N,6195907.037
1,14,IL,37.2094,-88.858889,CL,ST,ON,N,7171321.981
1,14,IL,40.4663,-89.9841,CL,ST,RC,N,2237999.018
1,14,IL,40.5408,-89.6786,CL,ST,RC,N,8511424.034
1,14,IL,38.205,-89.8544,CL,ST,RC,N,11701587.57
1,14,IL,39.870074,-88.890756,CL,ST,RTID,Y,1168743.005
1,14,IL,40.2797,-90.08,CL,ST,RTID,N,2522610.043
1,14,IL,38.279167,-89.666944,CL,ST,RTID,N,9664791
1,14,IL,39.84919,-88.931944,CL,ST,,Y,290418.4
3,14,IL,41.524315,-90.43659,CL/NG,ST,,Y,2710.18
3,14,IL,39.798175,-88.349771,CL/NG,ST,,Y,40594
3,14,IL,40.105169,-88.241528,CL/NG,ST,,Y,80563.724
3,14,IL,41.7775,-87.8233,CL/NG,ST,,Y,297122.998
10,14,IL,41.952742,-88.143737,LFG,CC,,N,57889
11,14,IL,37.6577,-89.511161,NG,CC,ON,N,84335
11,14,IL,41.712216,-90.279679,NG,CC,RTID,N,58537
11,14,IL,39.223144,-88.758406,NG,CC,RTID,N,296933
11,14,IL,41.4797,-88.2581,NG,CC,RTID,N,2242919
11,14,IL,42.31,-87.83,NG,ST,,Y,1835
11,14,IL,42.115589,-87.731025,NG,ST,,N,2168
11,14,IL,41.800909,-88.197156,NG,CC,,Y,13307.43
11,14,IL,41.411944,-88.332778,NG,CC,,Y,564436.999
16,14,IL,41.39,-88.27,NUC,ST,OC,N,15128940
16,14,IL,41.726111,-90.310278,NUC,ST,ON,N,15386504
16,14,IL,40.1719,-88.8339,NUC,ST,RC,N,9071711
16,14,IL,41.245498,-88.669066,NUC,ST,RC,N,18754699
16,14,IL,41.2435,-88.2286,NUC,ST,RC,N,20263665
16,14,IL,42.0742,-89.2819,NUC,ST,RTND,N,19252381
17,14,IL,41.4167,-88.1833,OT,ST,,Y,31979.95
17,14,IL,38.6972,-90.1283,OT,ST,,Y,473562
1,15,IN,39.711319,-86.196867,CL,ST,MULTI,N,3758618
1,15,IN,38.5281,-87.2525,CL,ST,MULTI,N,11266231.37
1,15,IN,38.5201,-87.2662,CL,ST,ON,N,600019.004
1,15,IN,39.48517,-86.4183,CL,ST,ON,N,744963.003
1,15,IN,38.2636,-85.8381,CL,ST,ON,N,896798.002
1,15,IN,37.9111,-87.3275,CL,ST,ON,N,1532180.007
1,15,IN,39.53,-87.4247,CL,ST,ON,N,1888467.956
1,15,IN,41.645,-87.1225,CL,ST,ON,N,2161416.993
1,15,IN,39.0814,-84.8594,CL,ST,ON,N,2602639.969
1,15,IN,39.9242,-87.4244,CL,ST,ON,N,4520671.985
1,15,IN,37.915,-87.3328,CL,ST,ON,Y,5511831.953
1,15,IN,38.7378,-85.4206,CL,ST,ON,N,6062462.992
1,15,IN,39.0694,-87.5108,CL,ST,RC,N,6444869.045
1,15,IN,38.372222,-87.765833,CL,ST,RC,N,17747363.5
1,15,IN,37.9053,-87.715,CL,ST,RTID,N,3046024.963
1,15,IN,41.2164,-87.0261,CL,ST,RTID,N,7566221.026
1,15,IN,41.7208,-86.9086,CL,ST,RTND,N,2738999.003
1,15,IN,37.9256,-87.0372,CL,ST,RTND,N,16717089.82
1,15,IN,40.048889,-86.8992,CL,ST,,N,21368
1,15,IN,39.8028,-84.8953,CL,ST,,N,45133
1,15,IN,40.758858,-86.360289,CL,ST,,N,114789
3,15,IN,38.8067,-87.2472,CL/NG,CC,RTID,N,2178808
3,15,IN,39.7631,-86.1667,CL/NG,ST,,Y,8230.73
3,15,IN,40.4439,-86.86,CL/NG,ST,,Y,25816.55
3,15,IN,41.7094,-86.2367,CL/NG,ST,,Y,69497.872
3,15,IN,40.4172,-86.9122,CL/NG,ST,,Y,103307.009
11,15,IN,40.0969,-85.9714,NG,CC,RTID,N,316584
11,15,IN,41.6739,-87.4775,NG,CC,RTID,Y,1661476
11,15,IN,39.3931,-87.5108,NG,CC,RTID,N,2421011
11,15,IN,39.0911,-84.8669,NG,CC,RTID,N,3316582
11,15,IN,40.846525,-84.933264,NG,ST,,Y,8144
11,15,IN,41.6317,-87.1728,NG,CC,,Y,281171
15,15,IN,39.53,-87.4247,NG/OTHER,CC,ON,N,1285479
17,15,IN,41.663765,-87.452325,OT,ST,MULTI,Y,339013.057
17,15,IN,41.635,-87.1387,OT,ST,ON,Y,542940.002
17,15,IN,41.622426,-87.328936,OT,ST,ON,Y,796288.995
17,15,IN,39.734456,-86.189075,OT,ST,,Y,39716.65
17,15,IN,41.6789,-87.42,OT,ST,,N,342381
17,15,IN,41.6703,-87.4803,OT,ST,,Y,374811
17,15,IN,41.6844,-87.4214,OT,ST,,Y,417610.002
1,16,KS,39.1492,-94.6381,CL,ST,ON,N,1071102.982
1,16,KS,39.1681,-94.6975,CL,ST,ON,N,1375228.986
1,16,KS,38.3481,-94.6456,CL,ST,RC,N,7939783.024
1,16,KS,39.0539,-95.568889,CL,ST,RTID,N,1328608.042
1,16,KS,37.9308,-100.9725,CL,ST,RTID,N,1981862.044
1,16,KS,39.0072,-95.269167,CL,ST,RTID,N,3673823.991
1,16,KS,39.286453,-96.117231,CL,ST,RTID,N,11466660.95
11,16,KS,37.9703,-100.8956,NG,ST,RTID,N,10147
11,16,KS,38.0906,-97.874722,NG,ST,RTID,N,33888
11,16,KS,37.5967,-97.413611,NG,ST,RTID,N,89345
11,16,KS,37.7328,-99.9497,NG,ST,RTID,N,257372
11,16,KS,37.7903,-97.521667,NG,ST,RTID,N,263000
11,16,KS,37.261372,-97.4057,NG,ST,,N,80
11,16,KS,37.6359,-98.7433,NG,ST,,N,2652
11,16,KS,37.110556,-100.803611,NG,ST,,Y,3926
11,16,KS,39.761111,-99.305833,NG,ST,,Y,4006.1
11,16,KS,37.958611,-100.836111,NG,ST,,Y,4345
11,16,KS,38.41,-98.8689,NG,ST,,N,4739
11,16,KS,37.2367,-96.9625,NG,ST,,N,6404
11,16,KS,37.037344,-95.612689,NG,ST,,N,14187
11,16,KS,37.1611,-100.7619,NG,ST,,N,29621
16,16,KS,38.23926,-95.68978,NUC,ST,RC,N,8558384
17,16,KS,38.2725,-95.240278,OT,ST,,N,0.97
1,17,KY,38.0525,-85.9103,CL,ST,MULTI,N,8715108.969
1,17,KY,37.8806,-84.2619,CL,ST,ON,N,16062
1,17,KY,37.3636,-87.1214,CL,ST,ON,N,1027825.996
1,17,KY,36.9981,-84.5919,CL,ST,ON,N,1029439.997
1,17,KY,37.9631,-86.7911,CL,ST,ON,N,1064462.046
1,17,KY,37.7942,-87.0608,CL,ST,ON,N,2370785.995
1,17,KY,38.1831,-85.8892,CL,ST,ON,N,2503871.968
1,17,KY,37.1517,-88.775,CL,ST,ON,N,7030667.029
1,17,KY,38.5847,-85.4117,CL,ST,RT,N,7350218.978
1,17,KY,37.6469,-87.5028,CL,ST,RTID,N,2302384.018
1,17,KY,37.78831,-84.71257,CL,ST,RTID,N,2635917.042
1,17,KY,38.9036,-84.8514,CL,ST,RTID,N,2910996.001
1,17,KY,38.7,-83.8181,CL,ST,RTID,N,8592709.96
1,17,KY,38.7497,-85.035,CL,ST,RTID,N,12606171.66
1,17,KY,38.1707,-82.6176,CL,ST,RTND,N,4708473.025
1,17,KY,37.2608,-86.9783,CL,ST,RTND,N,13334680.44
1,17,KY,37.6461,-87.5019,CL,ST,,N,199401.998
17,17,KY,37.4497,-87.0806,OT,ST,RTID,N,2995417.995
17,17,KY,37.6461,-87.5,OT,ST,RTID,N,3462743.954
17,17,KY,37.3208,-85.3611,OT,ST,,Y,8063.61
17,17,KY,37.8948,-86.6854,OT,ST,,Y,371239.002
1,18,LA,30.7261,-91.3692,CL,ST,MULTI,N,10712768.71
1,18,LA,32.030556,-93.569167,CL,ST,RTID,N,2899536.98
11,18,LA,29.822222,-91.5425,NG,ST,OC,N,122909
11,18,LA,30.8439,-92.261111,NG,CC,OC,N,1635399
11,18,LA,30.2743,-91.1164,NG,ST,ON,N,1016421.022
11,18,LA,29.998884,-90.47684,NG,ST,ON,N,1226834.038
11,18,LA,30.005067,-90.461694,NG,ST,ON,N,1423842
11,18,LA,30.0081,-89.9372,NG,ST,ON,N,2002948
11,18,LA,29.9472,-90.1458,NG,CC,ON,N,4103202
11,18,LA,32.5181,-93.7611,NG,ST,RC,N,30010
11,18,LA,32.7047,-93.9597,NG,ST,RC,N,63315
11,18,LA,31.3207,-92.4613,NG,ST,RTID,N,44
11,18,LA,32.7047,-92.0792,NG,CC,RTID,N,10814
11,18,LA,30.6739,-91.3556,NG,ST,RTID,N,21082
11,18,LA,30.2294,-91.065,NG,CC,RTID,Y,2067416
11,18,LA,30.221,-93.2992,NG,CC,RTID,Y,3040172.02
11,18,LA,32.51947,-93.760125,NG,CC,RTID,N,3302550
11,18,LA,32.6908,-92.0183,NG,CC,RTID,N,3430191
11,18,LA,32.7061,-92.0683,NG,CC,RTID,N,3640642
11,18,LA,30.428611,-92.413056,NG,CC,RTID,N,4515316
11,18,LA,30.3217,-91.2347,NG,CC,RTID,Y,4585192.963
11,18,LA,29.9888,-90.4599,NG,CC,RTID,Y,5428430.946
11,18,LA,32.604639,-93.294355,NG,ST,,N,408
11,18,LA,30.273333,-91.2567,NG,ST,,N,1110
11,18,LA,29.691436,-91.188492,NG,ST,,N,5134
11,18,LA,30.2242,-93.2831,NG,ST,,Y,11970
11,18,LA,29.5806,-90.7225,NG,ST,,N,14111
11,18,LA,30.0497,-90.6839,NG,ST,,Y,16227
11,18,LA,29.6833,-89.975,NG,ST,,N,31620.06
11,18,LA,30.2,-91,NG,ST,,Y,34653.25
11,18,LA,29.9468,-90.0018,NG,ST,,Y,42130.01
11,18,LA,30.4992,-91.1872,NG,ST,,Y,94000
11,18,LA,30.054,-90.6693,NG,ST,,Y,132539
11,18,LA,30.1826,-93.3234,NG,ST,,Y,213788.97
11,18,LA,29.9861,-90.4414,NG,CC,,Y,1999979.003
13,18,LA,30.3186,-91.2325,NG/OG,CC,MULTI,Y,2028484.001
16,18,LA,29.995267,-90.471581,NUC,ST,ON,N,9156336
16,18,LA,30.757,-91.3327,NUC,ST,RTID,N,8154994
17,18,LA,31.395,-92.716667,OT,ST,OC,N,6534197.92
17,18,LA,30.4922,-91.1864,OT,ST,ON,Y,842856.01
17,18,LA,32.1575,-93.5562,OT,ST,RTID,Y,602179.992
17,18,LA,30.2844,-93.2911,OT,ST,RTID,Y,5023290.948
17,18,LA,29.903611,-91.725556,OT,ST,,Y,1100
17,18,LA,29.9327,-89.9782,OT,ST,,Y,19143
17,18,LA,30.2242,-93.2831,OT,ST,,N,29422
17,18,LA,32.003889,-93.391111,OT,ST,,Y,42434.59
17,18,LA,30.2012,-93.1269,OT,ST,,N,85506
17,18,LA,30.038649,-90.828312,OT,ST,,Y,85614.14
17,18,LA,30.7108,-91.3236,OT,ST,,Y,94743.198
17,18,LA,30.148889,-93.335556,OT,ST,,Y,151821
17,18,LA,30.2242,-93.2831,OT,ST,,N,220727
17,18,LA,32.486787,-92.149597,OT,ST,,Y,266558.997
17,18,LA,30.2242,-93.2831,OT,ST,,Y,329413.245
17,18,LA,30.8606,-93.3756,OT,ST,,Y,376579.999
17,18,LA,31.903333,-93.173889,OT,ST,,Y,407077.002
17,18,LA,32.2752,-92.7277,OT,ST,,Y,417803.48
17,18,LA,30.7811,-89.8575,OT,ST,,Y,459673.52
17,18,LA,30.6547,-91.28,OT,ST,,Y,775614.999
1,19,MA,42.2806,-72.6055,CL,ST,ON,N,5236
1,19,MA,42.156898,-72.524153,CL,ST,,Y,22664
3,19,MA,41.7103,-71.1931,CL/NG,ST,RTND,N,2717648.991
5,19,MA,42.0925,-71.4833,DFO/NG,CC,DC,N,415745.997
5,19,MA,42.1978,-72.5106,DFO/NG,CC,RTID,N,194359
11,19,MA,41.8312,-71.1239,NG,CS,DC,N,915666
11,19,MA,42.059876,-71.515811,NG,CS,DC,N,2148424
11,19,MA,42.110577,-71.453468,NG,CS,DC,N,2235439
11,19,MA,42.2422,-70.9661,NG,CC,DC,N,3901990
11,19,MA,41.8653,-71.1061,NG,CC,MULTI,N,139723.999
11,19,MA,42.3908,-71.0675,NG,CC,ON,N,1839368
11,19,MA,42.0476,-72.6478,NG,CS,RTID,N,1189074.7
11,19,MA,42.112291,-72.015113,NG,CC,RTID,N,1827953
11,19,MA,42.3436,-71.0559,NG,ST,,Y,1035
11,19,MA,42.371667,-72.512222,NG,ST,,Y,1056
11,19,MA,42.309555,-71.805218,NG,ST,,Y,11297
11,19,MA,42.279015,-71.759772,NG,ST,,Y,21244
11,19,MA,42.45,-70.9739,NG,ST,,Y,36483
11,19,MA,42.33685,-71.10815,NG,ST,,Y,64477.84
11,19,MA,42.129361,-71.511496,NG,CC,,N,465680
11,19,MA,42.1575,-72.5225,NG,CC,,Y,781932
11,19,MA,42.3633,-71.0792,NG,CC,,Y,1576895.011
12,19,MA,42.235,-70.9672,NG/DFO,CC,DC,N,34582
12,19,MA,42.709722,-73.202222,NG/DFO,ST,,Y,3478
12,19,MA,42.632124,-71.313235,NG/DFO,CC,,N,98113.56
12,19,MA,41.6731,-70.9994,NG/DFO,CC,,N,139534.997
12,19,MA,42.4564,-73.2181,NG/DFO,CC,,Y,144036
16,19,MA,41.9438,-70.578,NUC,ST,ON,N,5769154
17,19,MA,42.095,-72.595,OT,ST,ON,N,9604
17,19,MA,42.5256,-70.8772,OT,ST,ON,N,259756.004
17,19,MA,41.7694,-70.5097,OT,ST,ON,N,373544.002
17,19,MA,42.521747,-70.938657,OT,ST,,Y,17436
17,19,MA,42.0906,-72.5917,OT,ST,,N,45649
17,19,MA,42.5428,-71.8528,OT,ST,,N,124027.996
17,19,MA,42.7262,-71.1219,OT,ST,,N,242241
17,19,MA,42.447,-70.9804,OT,ST,,N,244541
17,19,MA,42.2214,-71.7669,OT,ST,,N,321892
17,19,MA,42.765,-71.1242,OT,ST,,N,336585.998
17,19,MA,41.8022,-70.7875,OT,ST,,N,603913.001
1,20,MD,39.323604,-76.365119,CL,ST,ON,N,491179.003
1,20,MD,39.2097,-77.4644,CL,ST,ON,N,1189286.984
1,20,MD,38.3592,-76.9767,CL,ST,ON,N,6134203.016
1,20,MD,39.18,-76.5389,CL,ST,RTID,N,4758982.031
3,20,MD,38.5444,-76.6861,CL/NG,ST,MULTI,N,2913467.957
11,20,MD,39.2663,-76.6047,NG,ST,ON,N,17572
11,20,MD,38.985844,-76.935478,NG,ST,,Y,12998
11,20,MD,39.2369,-76.5133,NG,ST,,N,16617
11,20,MD,39.2744,-76.5956,NG,ST,,Y,49268
11,20,MD,38.6681,-76.8678,NG,CC,,Y,955013.497
16,20,MD,38.4344,-76.4417,NUC,ST,ON,N,14343334
17,20,MD,39.1781,-76.5268,OT,ST,ON,N,1375588.043
17,20,MD,38.4878,-75.8208,OT,ST,RTID,N,14871
17,20,MD,39.595171,-78.745333,OT,ST,RTID,Y,1265667.026
17,20,MD,39.403936,-76.317161,OT,ST,,Y,816.74
17,20,MD,38.159,-75.704,OT,ST,,Y,12320
17,20,MD,38.586849,-77.173135,OT,ST,,N,24370.496
17,20,MD,39.4736,-79.0569,OT,ST,,Y,300360.004
17,20,MD,39.2006,-77.4556,OT,ST,,N,318090.995
17,20,MD,39.266041,-76.629653,OT,ST,,Y,323094
11,21,ME,44.8242,-68.7094,NG,CC,RTID,N,1111646
11,21,ME,43.6575,-70.375,NG,CC,RTID,N,1838911
11,21,ME,44.5303,-70.5219,NG,CC,,N,401026
17,21,ME,44.703467,-69.647441,OT,ST,MULTI,Y,584897.005
17,21,ME,43.7508,-70.1567,OT,ST,ON,N,253188.001
17,21,ME,44.5738,-68.8046,OT,ST,ON,Y,403118.998
17,21,ME,44.5513,-70.5414,OT,ST,RTID,Y,588453.007
17,21,ME,45.3669,-68.5106,OT,ST,,N,1638.272
17,21,ME,44.7975,-69.8867,OT,ST,,Y,8047.12
17,21,ME,44.067792,-70.260831,OT,ST,,N,16663
17,21,ME,46.6334,-68.4361,OT,ST,,N,42885
17,21,ME,44.918063,-68.63554,OT,ST,,Y,50516
17,21,ME,43.6556,-70.3347,OT,ST,,N,88085
17,21,ME,47.36,-68.328611,OT,ST,,Y,96682
17,21,ME,44.6781,-67.5477,OT,ST,,N,126621.001
17,21,ME,45.2537,-68.62792,OT,ST,,N,132992
17,21,ME,43.684857,-70.353152,OT,ST,,Y,138250.002
17,21,ME,44.7383,-68.8258,OT,ST,,N,165986
17,21,ME,46.77285,-67.84849,OT,ST,,N,250268
17,21,ME,45.1554,-67.4012,OT,ST,,Y,297826.997
17,21,ME,45.140614,-70.425577,OT,ST,,N,298822.002
17,21,ME,44.431667,-70.1619,OT,ST,,N,304833.997
17,21,ME,44.506273,-70.239474,OT,ST,,Y,437745.994
1,22,MI,43.644996,-83.840074,CL,ST,MULTI,N,2048505.96
1,22,MI,42.71839,-84.55808,CL,ST,ON,N,549251.998
1,22,MI,43.639927,-83.844712,CL,ST,ON,N,1710906.971
1,22,MI,41.792114,-83.44948,CL,ST,ON,N,1818778.956
1,22,MI,43.258768,-86.242268,CL,ST,ON,N,1888680.008
1,22,MI,46.5789,-87.395,CL,ST,ON,N,1892723.032
1,22,MI,42.1217,-83.1808,CL,ST,ON,N,2535808.046
1,22,MI,42.7642,-82.4719,CL,ST,ON,N,5414558.965
1,22,MI,42.7756,-82.495,CL,ST,ON,N,7584834.971
1,22,MI,42.910296,-86.20074,CL,ST,ON,N,8591310.967
1,22,MI,41.8906,-83.3464,CL,ST,ON,N,15294729.53
1,22,MI,42.692222,-84.657222,CL,ST,RTID,N,935528.998
1,22,MI,45.771667,-87.063922,CL,ST,,N,24555
1,22,MI,42.7956,-86.1133,CL,ST,,N,51238
1,22,MI,43.0706,-86.235,CL,ST,,N,174462.003
1,22,MI,46.530598,-87.392206,CL,ST,,N,303816.005
3,22,MI,42.2739,-83.1119,CL/NG,ST,ON,N,2295825
3,22,MI,43.741111,-83.447222,CL/NG,ST,,N,1102
3,22,MI,43.266389,-82.619167,CL/NG,ST,,N,2327
3,22,MI,42.8183,-82.4856,CL/NG,ST,,Y,10737.9
3,22,MI,46.7644,-89.5669,CL/NG,ST,,N,22609
3,22,MI,42.988611,-82.436667,CL/NG,ST,,Y,30522.02
3,22,MI,46.4094,-86.6443,CL/NG,ST,,Y,31756
3,22,MI,42.7178,-84.4836,CL/NG,ST,,Y,273331.129
10,22,MI,42.395335,-83.557999,LFG,CC,,N,124496
11,22,MI,43.1056,-82.6964,NG,ST,RC,N,163645.996
11,22,MI,43.5861,-84.2242,NG,CC,RC,Y,3198875.71
11,22,MI,42.2488,-84.3767,NG,CC,RTID,N,574250
11,22,MI,42.32238,-86.29368,NG,CC,RTID,N,1608425
11,22,MI,42.8206,-85.9975,NG,CC,RTID,N,1847303
11,22,MI,42.256111,-84.788333,NG,ST,,Y,9.7
11,22,MI,42.315833,-85.186944,NG,ST,,Y,2915
11,22,MI,43.834167,-85.355833,NG,ST,,Y,5060.49
11,22,MI,42.28,-85.606389,NG,CC,,Y,73755.89
11,22,MI,44.213333,-86.286667,NG,ST,,N,80810
11,22,MI,42.281167,-83.734617,NG,CC,,Y,161181
11,22,MI,42.962672,-85.494071,NG,CC,,Y,202987
11,22,MI,42.719722,-84.551667,NG,CC,,Y,474085
11,22,MI,43.9375,-86.425,NG,CC,,Y,1012073
16,22,MI,41.975604,-86.565206,NUC,ST,ON,N,17630792
16,22,MI,42.323,-86.3146,NUC,ST,RTID,N,5822926
16,22,MI,41.9631,-83.2581,NUC,ST,RTND,N,7792130
17,22,MI,42.3026,-83.154,OT,ST,ON,Y,1129506.02
17,22,MI,45.8044,-87.0891,OT,ST,RTID,Y,562227.997
17,22,MI,43.5969,-84.7669,OT,ST,,Y,6096.45
17,22,MI,45.062836,-83.423333,OT,ST,,Y,48796
17,22,MI,42.949575,-85.693209,OT,ST,,N,100536
17,22,MI,42.2081,-83.1453,OT,ST,,N,103952
17,22,MI,46.7553,-88.4558,OT,ST,,N,118046
17,22,MI,45.0688,-83.8932,OT,ST,,N,135869.996
17,22,MI,43.08511,-83.669386,OT,ST,,N,139142.004
17,22,MI,44.204,-85.2206,OT,ST,,N,142586.998
17,22,MI,44.68,-83.4167,OT,ST,,N,144866.996
17,22,MI,44.26169,-85.435224,OT,ST,,N,175312.004
17,22,MI,45.069929,-83.408182,OT,ST,,Y,177450.996
17,22,MI,44.604921,-84.690578,OT,ST,,N,207775
17,22,MI,42.0317,-84.755,OT,ST,,N,250689.005
17,22,MI,42.3678,-83.0514,OT,ST,,Y,266900.997
17,22,MI,45.7956,-87.9556,OT,ST,,Y,359792.729
17,22,MI,44.217299,-86.28905,OT,ST,,Y,497733.999
1,23,MN,47.2611,-93.6528,CL,ST,MULTI,N,7359661.032
1,23,MN,47.5306,-92.1619,CL,ST,ON,N,346845.999
1,23,MN,46.290641,-96.043252,CL,ST,ON,N,581565.999
1,23,MN,47.286573,-91.260531,CL,ST,ON,Y,605383.003
1,23,MN,47.5314,-90.9114,CL,ST,ON,N,1089924.047
1,23,MN,45.03,-92.7786,CL,ST,ON,N,2992941.966
1,23,MN,45.3808,-93.8931,CL,ST,RTID,Y,13324305.25
1,23,MN,44.796405,-95.179787,CL,ST,,Y,10469
1,23,MN,44.187066,-93.99242,CL,ST,,Y,22415
1,23,MN,46.9026,-96.76112,CL,ST,,Y,36733.9
1,23,MN,47.927202,-97.007153,CL,ST,,Y,37350.82
3,23,MN,45.121705,-95.053236,CL/NG,ST,,Y,29070
10,23,MN,44.786977,-93.055586,LFG,CC,,N,35023
11,23,MN,44.8108,-93.2501,NG,CC,OC,N,1842094.031
11,23,MN,45.0203,-93.2753,NG,CC,ON,N,1007621.999
11,23,MN,44.9314,-93.1117,NG,CC,ON,N,1016760
11,23,MN,44.7956,-92.9119,NG,CC,RTID,Y,139477
11,23,MN,44.3356,-93.290556,NG,CC,RTID,N,329751.002
11,23,MN,44.1988,-94.003,NG,CC,RTID,N,355278.002
11,23,MN,43.6728,-94.7075,NG,ST,,N,880
11,23,MN,44.3159,-94.4581,NG,ST,,Y,2439
11,23,MN,44.895741,-94.368433,NG,CS,,N,7714
11,23,MN,44.888881,-94.349348,NG,CC,,N,13248
11,23,MN,44.09785,-92.479815,NG,CC,,Y,53571.16
16,23,MN,45.3338,-93.8493,NUC,ST,ON,N,4323966
16,23,MN,44.622,-92.6333,NUC,ST,ON,N,8383200
17,23,MN,44.980833,-93.249722,OT,ST,,N,12109
17,23,MN,44.093333,-94.276667,OT,ST,,N,12716.7
17,23,MN,46.735331,-92.151711,OT,ST,,Y,19635
17,23,MN,44.026072,-92.432313,OT,ST,,Y,28495.69
17,23,MN,46.734957,-92.162085,OT,ST,,Y,53931
17,23,MN,44.020576,-92.465599,OT,ST,,Y,65586.57
17,23,MN,47.522428,-92.540951,OT,ST,,Y,93358
17,23,MN,44.1967,-94.0009,OT,ST,,N,106945
17,23,MN,44.5692,-92.516912,OT,ST,,N,109528
17,23,MN,47.234825,-93.537169,OT,ST,,Y,111375.596
17,23,MN,44.7956,-93.5386,OT,ST,,Y,117957
17,23,MN,45.296797,-93.558447,OT,ST,,N,140629
17,23,MN,47.4294,-92.935,OT,ST,,Y,146028.982
17,23,MN,48.6067,-93.4066,OT,ST,,Y,165968.649
17,23,MN,44.942889,-93.096559,OT,ST,,Y,173799.996
17,23,MN,44.9833,-93.280382,OT,ST,,N,193130
17,23,MN,45.322401,-95.629506,OT,ST,,N,392558
17,23,MN,46.7243,-92.4298,OT,ST,,Y,418940.485
1,24,MO,39.4472,-94.98,CL,ST,MULTI,N,9187941.971
1,24,MO,38.3114,-93.9348,CL,ST,OC,N,2870968.965
1,24,MO,37.108611,-93.261944,CL,ST,ON,N,677255.004
1,24,MO,39.178319,-94.184445,CL,ST,ON,N,1522599.96
1,24,MO,38.915479,-90.290247,CL,ST,ON,N,4964295.008
1,24,MO,38.4017,-90.3358,CL,ST,ON,N,5042284.958
1,24,MO,38.131248,-90.263157,CL,ST,ON,N,7869454.992
1,24,MO,39.5522,-92.6381,CL,ST,ON,N,7945918.039
1,24,MO,36.5147,-89.5617,CL,ST,ON,N,8332091.028
1,24,MO,38.562244,-90.837686,CL,ST,ON,N,15183698.22
1,24,MO,37.361315,-94.58926,CL,ST,RC,N,1060478.002
1,24,MO,39.0919,-94.3261,CL,ST,RTID,N,52487
1,24,MO,36.8791,-89.6209,CL,ST,RTID,N,1744286.007
1,24,MO,37.151706,-93.38804,CL,ST,RTID,N,2416397.997
1,24,MO,38.82,-90.818056,CL,ST,,Y,2395
3,24,MO,39.7246,-94.8773,CL/NG,ST,MULTI,N,248527.001
3,24,MO,39.111944,-94.581111,CL/NG,ST,,Y,35040
3,24,MO,38.964646,-92.316768,CL/NG,ST,,N,52700
11,24,MO,39.1306,-94.4778,NG,CC,ON,N,3400862.022
11,24,MO,36.5852,-90.1779,NG,CS,RTID,N,344467
11,24,MO,38.7931,-94.3006,NG,CC,RTID,N,1121523
11,24,MO,37.0659,-94.614,NG,CC,RTID,N,1701307
11,24,MO,38.6359,-90.1809,NG,CS,,Y,17239.81
16,24,MO,38.758919,-91.778841,NUC,ST,RTND,N,9276356
17,24,MO,37.953889,-91.774444,OT,ST,,N,314
17,24,MO,38.597755,-90.210671,OT,ST,,Y,48898
17,24,MO,38.9461,-92.3328,OT,ST,,Y,109646
1,25,MS,31.2186,-89.394,CL,ST,RTID,N,764201
1,25,MS,33.3761,-89.2183,CL,ST,RTID,N,2471697.954
3,25,MS,30.4392,-89.0286,CL/NG,ST,MULTI,N,4211066.978
11,25,MS,33.2881,-89.4201,NG,CC,DC,N,2868988
11,25,MS,30.5322,-88.5553,NG,CC,MULTI,N,10882953.97
11,25,MS,32.2831,-90.9306,NG,ST,ON,N,24831
11,25,MS,33.35,-91.1167,NG,ST,ON,N,44858
11,25,MS,32.356954,-90.21297,NG,ST,RC,N,63508
11,25,MS,33.3792,-89.2089,NG,CC,RTID,N,837513
11,25,MS,31.528,-89.3004,NG,CC,RTID,N,859392
11,25,MS,32.654722,-88.762222,NG,CC,RTID,N,1137607
11,25,MS,34.9939,-90.0378,NG,CC,RTID,N,2197860
11,25,MS,34.3356,-89.9275,NG,CC,RTID,N,2323056
11,25,MS,33.6464,-88.2717,NG,CC,RTID,N,2717829
11,25,MS,32.378969,-90.219906,NG,CC,RTID,N,2746899
11,25,MS,33.0147,-89.6753,NG,CC,RTID,N,3232686
11,25,MS,34.835,-89.2026,NG,CC,RTID,N,4079143
11,25,MS,34.1845,-90.562662,NG,CS,,N,223
11,25,MS,32.8458,-90.4211,NG,CC,,N,226
11,25,MS,33.517315,-90.209661,NG,ST,,N,4245
11,25,MS,32.2925,-88.7461,NG,ST,,N,6171
16,25,MS,32.0081,-91.0478,NUC,ST,RTND,N,10252183
17,25,MS,33.3602,-88.46,OT,ST,RTID,Y,586947.997
17,25,MS,32.5292,-90.7742,OT,ST,,Y,204361.001
17,25,MS,31.6285,-90.0809,OT,ST,,Y,417048.998
17,25,MS,31.2434,-89.0456,OT,ST,,Y,420169.664
1,26,MT,45.77562,-108.480999,CL,ST,ON,N,580510.997
1,26,MT,45.7578,-107.6,CL,ST,RTID,N,679774.997
1,26,MT,45.8831,-106.614,CL,ST,RTID,N,13729879.08
1,26,MT,47.717222,-104.135556,CL,ST,,Y,8812
1,26,MT,47.6785,-104.15665,CL,ST,,N,290192.998
17,26,MT,48.286944,-114.243611,OT,ST,,N,13009
17,26,MT,45.9752,-106.6547,OT,ST,,N,309480.005
17,26,MT,45.8117,-108.4278,OT,ST,,Y,404659.999
1,27,NC,36.4833,-79.0731,CL,ST,MULTI,N,12804923.96
1,27,NC,35.1897,-81.0122,CL,ST,ON,N,2398805.021
1,27,NC,35.5975,-80.9658,CL,ST,ON,N,9408050.046
1,27,NC,36.2811,-80.0603,CL,ST,ON,N,13431669.05
1,27,NC,35.4731,-82.5417,CL,ST,RC,N,1513320.971
1,27,NC,36.037318,-77.753345,CL,ST,RTID,Y,108885
1,27,NC,36.4364,-77.6167,CL,ST,RTID,Y,593073.002
1,27,NC,36.5278,-78.8917,CL,ST,RTID,N,2584492.979
1,27,NC,35.22,-81.7594,CL,ST,RTID,N,6053808.024
1,27,NC,35.9069,-79.0617,CL,ST,,Y,23521
1,27,NC,36.4364,-77.6167,CL,ST,,Y,85206
11,27,NC,34.283056,-77.985278,NG,CC,RC,N,3866319.991
11,27,NC,35.373611,-78.089444,NG,CC,RC,N,5730722.06
11,27,NC,35.7314,-80.6019,NG,CC,RTID,N,2675808.02
11,27,NC,35.7133,-80.3767,NG,CC,RTID,N,3701242
11,27,NC,36.4862,-79.7208,NG,CC,RTID,N,3798708
11,27,NC,34.8392,-79.7406,NG,CC,RTID,N,7037121.023
11,27,NC,35.0986,-78.8294,NG,CC,,N,12060
12,27,NC,36.4517,-77.6594,NG/DFO,CC,,N,65716
16,27,NC,33.9597,-78.0114,NUC,ST,ON,N,15332240
16,27,NC,35.4331,-80.9486,NUC,ST,ON,N,17586205
16,27,NC,35.6334,-78.9556,NUC,ST,RTND,N,8048575
17,27,NC,35.8628,-76.7831,OT,ST,ON,Y,474518.283
17,27,NC,33.944384,-78.011824,OT,ST,RTID,Y,485307.001
17,27,NC,35.326111,-80.542222,OT,ST,,N,366
17,27,NC,36.033761,-80.227404,OT,ST,,Y,49194
17,27,NC,36.4769,-77.6414,OT,ST,,Y,195101.724
17,27,NC,35.0217,-77.8583,OT,ST,,Y,200334
17,27,NC,35.212,-77.1144,OT,ST,,Y,205192.562
17,27,NC,36.435,-78.9619,OT,ST,,N,245594.997
17,27,NC,34.3533,-78.2137,OT,ST,,Y,286683.126
17,27,NC,35.376266,-76.779864,OT,ST,,Y,317875
17,27,NC,35.535,-82.8411,OT,ST,,Y,336110
17,27,NC,35.130193,-77.167883,OT,ST,,N,355349.004
1,28,ND,47.065854,-101.213093,CL,ST,OC,N,4557992.024
1,28,ND,46.8669,-100.8836,CL,ST,ON,N,547268.001
1,28,ND,47.286643,-101.331908,CL,ST,ON,N,1307307.955
1,28,ND,47.280769,-101.321213,CL,ST,ON,N,3453455.016
1,28,ND,46.926423,-98.499713,CL,ST,RTID,Y,32125
1,28,ND,47.221447,-101.815722,CL,ST,RTID,N,2745038.039
1,28,ND,47.370542,-101.83566,CL,ST,RTID,N,5838431.047
1,28,ND,47.377743,-101.157058,CL,ST,RTID,Y,8880797.963
1,28,ND,47.437562,-97.06311,CL,ST,,Y,59633.67
17,28,ND,46.6144,-97.5765,OT,ST,,Y,2652
17,28,ND,46.8214,-101.7564,OT,ST,,N,31440
17,28,ND,46.8492,-100.8808,OT,ST,,Y,62038
1,29,NE,41.4281,-96.4623,CL,ST,MULTI,N,474483.996
1,29,NE,40.6214,-95.7764,CL,ST,MULTI,N,8828982.049
1,29,NE,41.0808,-101.1408,CL,ST,OC,N,8872009.003
1,29,NE,41.32909,-95.94466,CL,ST,ON,N,3060377.049
1,29,NE,40.854765,-98.348222,CL,ST,RTID,N,517872.998
1,29,NE,40.5589,-96.7847,CL,ST,RTID,N,1259591.991
1,29,NE,40.580872,-98.312437,CL,ST,RTID,N,1673670.989
1,29,NE,40.866463,-96.614486,CL,ST,,Y,41886
1,29,NE,41.416442,-97.286328,CL,ST,,Y,300397
11,29,NE,40.6942,-99.7011,NG,ST,ON,N,3231
11,29,NE,40.133872,-97.184286,NG,ST,,N,103
11,29,NE,40.909653,-96.613086,NG,CC,,N,22131
11,29,NE,40.330184,-96.808153,NG,CC,,N,178509
16,29,NE,41.520522,-96.077511,NUC,ST,ON,N,4184503
16,29,NE,40.3628,-95.6408,NUC,ST,ON,N,5917335
1,30,NH,43.1411,-71.4692,CL,ST,OC,N,1150061.969
5,30,NH,43.1047,-70.8061,DFO/NG,CC,RTID,N,939577.002
11,30,NH,42.9042,-71.4261,NG,CC,RTID,N,3534364
16,30,NH,42.899167,-70.848889,NUC,ST,ON,N,10168265
17,30,NH,43.1,-70.790833,OT,ST,ON,N,128728
17,30,NH,43.0978,-70.7842,OT,ST,ON,N,500180.003
17,30,NH,43.701916,-72.286735,OT,ST,,Y,13252
17,30,NH,43.2866,-71.5769,OT,ST,,N,101304
17,30,NH,43.560833,-71.780556,OT,ST,,N,106331
17,30,NH,43.7155,-71.6585,OT,ST,,N,122899.999
17,30,NH,44.3274,-71.68,OT,ST,,N,127869
17,30,NH,44.358047,-71.5449,OT,ST,,N,131995
17,30,NH,43.442871,-72.056,OT,ST,,N,142411
17,30,NH,43.835833,-71.1967,OT,ST,,N,166033
17,30,NH,44.471944,-71.175278,OT,ST,,N,285335.004
1,31,NJ,39.7928,-75.406667,CL,ST,RTID,Y,846076.999
1,31,NJ,39.693494,-75.485811,CL,ST,RTID,Y,918744.001
2,31,NJ,39.2908,-74.6364,CL/DFO,ST,MULTI,N,239624
3,31,NJ,40.1792,-74.7339,CL/NG,ST,ON,N,419957.001
3,31,NJ,40.7478,-74.0722,CL/NG,ST,ON,N,1060444
10,31,NJ,40.4903,-74.3156,LFG,CC,,Y,81206
11,31,NJ,40.439,-74.3444,NG,CC,DC,N,1401194.1
11,31,NJ,40.6322,-74.2156,NG,CC,DC,Y,4618093.988
11,31,NJ,39.6831,-75.5083,NG,ST,ON,N,662
11,31,NJ,40.5558,-74.2469,NG,ST,ON,N,34182
11,31,NJ,39.8414,-75.2214,NG,CC,RTID,N,357976
11,31,NJ,40.448674,-74.348879,NG,CC,RTID,N,5428446
11,31,NJ,40.6217,-74.2072,NG,CC,RTID,N,5453207.907
11,31,NJ,40.8375,-74.0244,NG,CC,RTID,N,5826468.982
11,31,NJ,40.615616,-74.26529,NG,ST,,Y,30404
11,31,NJ,40.8625,-74.825,NG,CC,,Y,55837.08
11,31,NJ,40.460717,-74.327161,NG,CC,,Y,66088
11,31,NJ,40.6781,-74.2744,NG,CC,,Y,140797.001
11,31,NJ,40.905337,-74.130448,NG,CC,,N,149382.91
11,31,NJ,39.7668,-75.4238,NG,CC,,N,225068.126
11,31,NJ,39.8746,-75.1592,NG,CC,,N,347225
11,31,NJ,40.7197,-74.13,NG,CC,,N,401632.38
11,31,NJ,39.9175,-75.1192,NG,CC,,N,424957
11,31,NJ,40.655325,-74.112442,NG,CC,,Y,680658.7
12,31,NJ,40.0613,-74.1686,NG/DFO,CC,,N,725865.998
13,31,NJ,40.565833,-75.163889,NG/OG,CC,RTID,N,66657
16,31,NJ,39.8143,-74.2062,NUC,ST,ON,N,4850907
16,31,NJ,39.4625,-75.5358,NUC,ST,ON,N,16282398
16,31,NJ,39.4666,-75.5377,NUC,ST,RTND,N,10373816
17,31,NJ,40.8205,-75.0112,OT,ST,,N,75745
17,31,NJ,39.8733,-75.1381,OT,ST,,N,86036
17,31,NJ,39.9092,-75.1169,OT,ST,,N,159285
17,31,NJ,40.601264,-74.266372,OT,ST,,N,291439
17,31,NJ,40.7376,-74.1255,OT,ST,,N,484447
1,32,NM,36.69,-108.4814,CL,ST,RC,N,8729343.982
1,32,NM,35.4159,-108.082,CL,ST,RTID,N,1389686.981
1,32,NM,36.8006,-108.4386,CL,ST,RTID,N,10360010.13
11,32,NM,32.728333,-103.309444,NG,CC,DC,N,2705124
11,32,NM,32.114185,-106.846483,NG,CC,IDHB,N,545740
11,32,NM,35.171,-106.6019,NG,ST,RTID,N,72579
11,32,NM,32.714224,-103.301469,NG,ST,RTID,N,392254
11,32,NM,32.7131,-103.3533,NG,ST,RTID,N,768836
11,32,NM,31.8047,-106.5472,NG,ST,RTID,N,770001
11,32,NM,32.299349,-107.7834,NG,CC,RTID,N,2052629
11,32,NM,35.084078,-106.625191,NG,ST,,Y,1064
11,32,NM,32.6956,-108.1225,NG,CC,,N,29640
11,32,NM,36.725138,-108.19202,NG,CC,,N,137532
11,32,NM,36.716628,-108.215282,NG,CC,,N,328679
1,33,NV,40.7461,-116.5297,CL,ST,RTID,N,1424285.971
1,33,NV,36.657347,-114.633263,CL,ST,RTID,N,2400950.039
1,33,NV,40.881317,-117.151605,CL,ST,RTID,N,2755910.998
8,33,NV,39.164129,-119.180068,GEO,ST,,N,10614
8,33,NV,39.37,-119.766944,GEO,ST,,N,36183
8,33,NV,39.796032,-119.010013,GEO,ST,,N,52129
8,33,NV,39.557,-118.8383,GEO,ST,,N,68302
8,33,NV,40.380556,-119.399722,GEO,ST,,N,76894
8,33,NV,40.5547,-116.6175,GEO,ST,,N,96109
8,33,NV,39.9663,-117.8557,GEO,ST,,N,487764
11,33,NV,36.4078,-114.9606,NG,CC,DC,N,1047368
11,33,NV,35.788889,-114.994167,NG,CC,DC,N,1539121
11,33,NV,36.415999,-114.960916,NG,CC,DC,N,1653509
11,33,NV,35.6139,-115.3561,NG,CC,DC,N,2017933
11,33,NV,36.430554,-114.902405,NG,CC,DC,N,3146306
11,33,NV,36.383719,-114.921779,NG,CC,DC,N,6075067
11,33,NV,39.1281,-119.1322,NG,ST,RC,N,174754
11,33,NV,39.5625,-119.525,NG,CC,RC,N,3975761
11,33,NV,36.0875,-115.0507,NG,CC,RTID,N,389013
11,33,NV,36.2319,-115.1222,NG,CC,,Y,3
11,33,NV,36.2253,-114.8783,NG,CC,,Y,723401
11,33,NV,36.343229,-114.920686,NG,CC,,Y,726789
11,33,NV,36.0417,-115.0117,NG,CC,,Y,758707.001
17,33,NV,35.809444,-115.411389,OT,ST,,N,14965
18,33,NV,35.799798,-114.98173,SUN,ST,,N,118804
1,34,NY,42.491467,-79.346631,CL,ST,ON,N,368484.003
1,34,NY,42.6028,-76.6336,CL,ST,ON,N,916218.003
1,34,NY,42.97,-78.93,CL,ST,ON,N,1203980.042
1,34,NY,43.358889,-78.604722,CL,ST,ON,N,1786614.034
3,34,NY,43.1989,-77.6319,CL/NG,ST,,Y,351767.005
11,34,NY,40.8142,-72.9403,NG,CC,DC,N,2397688.007
11,34,NY,42.2728,-73.8492,NG,CC,DC,N,2658650
11,34,NY,40.781321,-73.896618,NG,CC,DC,N,3174540.01
11,34,NY,40.7825,-73.8964,NG,CC,DC,N,3499124.053
11,34,NY,40.7889,-73.9069,NG,CC,HBID,N,3307582.007
11,34,NY,42.625239,-73.750021,NG,CC,IDHB,Y,2725094.993
11,34,NY,40.591564,-74.200035,NG,ST,ON,N,1097793
11,34,NY,40.616689,-73.647881,NG,ST,ON,N,1428220.985
11,34,NY,41.2044,-73.9689,NG,ST,ON,N,1479640.955
11,34,NY,40.759167,-73.946111,NG,CC,ON,N,4756479.07
11,34,NY,42.5744,-73.8592,NG,CC,RTID,Y,1201938
11,34,NY,42.594196,-73.763752,NG,CC,RTID,N,4286736
11,34,NY,43.495,-76.4511,NG,CC,RTID,Y,5996363.5
11,34,NY,43.8861,-75.4342,NG,CC,,Y,1151
11,34,NY,44.9503,-74.8928,NG,CC,,N,1682
11,34,NY,42.9828,-78.1592,NG,CC,,Y,10782
11,34,NY,43.080338,-75.600963,NG,CC,,N,22483
11,34,NY,42.6544,-78.0772,NG,CC,,Y,37226.66
11,34,NY,43.123889,-77.628889,NG,ST,,Y,38683.6
11,34,NY,43.0483,-78.8539,NG,CC,,Y,38981
11,34,NY,43.0664,-76.2144,NG,CC,,N,43288
11,34,NY,42.625325,-73.749955,NG,CC,,N,48028
11,34,NY,42.0933,-79.2478,NG,ST,,N,49418
11,34,NY,43.471745,-76.493474,NG,CC,,Y,65294
11,34,NY,40.6492,-73.8792,NG,ST,,Y,67174
11,34,NY,42.9671,-78.9182,NG,CC,,Y,67549
11,34,NY,42.5027,-78.0686,NG,CC,,N,96844
11,34,NY,43.06132,-76.08239,NG,CC,,N,97707
11,34,NY,41.0772,-74.0181,NG,CC,,Y,127900.316
11,34,NY,40.736611,-73.388424,NG,CC,,N,134961.004
11,34,NY,42.4428,-76.4764,NG,CC,,Y,202506.996
11,34,NY,44.7132,-73.4557,NG,CC,,N,224631
11,34,NY,42.085944,-78.45425,NG,CC,,Y,332762.002
11,34,NY,40.7264,-73.5892,NG,CC,,Y,343145.261
11,34,NY,43.161947,-78.744971,NG,CC,,Y,388403.7
11,34,NY,40.7469,-73.4994,NG,CC,,N,433757
11,34,NY,40.6417,-73.7778,NG,CC,,Y,734159.003
11,34,NY,43.25,-73.8125,NG,CC,,Y,876699.005
11,34,NY,40.699357,-73.976392,NG,CC,,Y,2051954.973
12,34,NY,40.869972,-73.824437,NG/DFO,ST,,Y,49688.25
12,34,NY,40.7899,-73.9233,NG/DFO,CC,,Y,95268
12,34,NY,42.5375,-73.7433,NG/DFO,CC,,N,229367.996
12,34,NY,40.8158,-73.064,NG/DFO,CC,,N,1207777.006
16,34,NY,43.5211,-76.41,NUC,ST,MULTI,N,15239180
16,34,NY,43.2777,-77.3099,NUC,ST,ON,N,4662495
16,34,NY,43.52139,-76.408394,NUC,ST,ON,N,5828694
16,34,NY,41.270556,-73.9527,NUC,ST,ON,N,8330556
16,34,NY,41.2706,-73.9526,NUC,ST,ON,N,8977699
17,34,NY,43.4586,-76.5319,OT,ST,ON,N,83889
17,34,NY,40.949696,-73.078507,OT,ST,ON,N,277010.998
17,34,NY,41.573783,-73.966269,OT,ST,ON,N,375152
17,34,NY,40.7281,-73.9742,OT,ST,ON,Y,537362.002
17,34,NY,40.787674,-73.912561,OT,ST,ON,N,1178963.01
17,34,NY,40.923565,-73.342323,OT,ST,ON,N,2681415.95
17,34,NY,43.348808,-76.425169,OT,ST,,Y,10716.56
17,34,NY,41.647,-73.943,OT,ST,,Y,43223
17,34,NY,40.7869,-73.1064,OT,ST,,N,51176
17,34,NY,43.3056,-73.591447,OT,ST,,N,75349
17,34,NY,43.0804,-79.0082,OT,ST,,N,88447
17,34,NY,40.7348,-73.3868,OT,ST,,N,109522
17,34,NY,43.617965,-75.305443,OT,ST,,Y,146479
17,34,NY,43.3084,-73.6376,OT,ST,,Y,152936
17,34,NY,43.0839,-79.0056,OT,ST,,Y,184344
17,34,NY,43.0047,-76.1149,OT,ST,,N,187296
17,34,NY,40.8814,-73.2906,OT,ST,,N,189670
17,34,NY,43.891437,-73.396998,OT,ST,,Y,219439.719
17,34,NY,44.03647,-75.77204,OT,ST,,N,301609.003
17,34,NY,41.277129,-73.942344,OT,ST,,N,388700.01
17,34,NY,40.7389,-73.5906,OT,ST,,N,574659.005
1,35,OH,38.6361,-83.6939,CL,ST,MULTI,N,10336907.31
1,35,OH,40.2522,-80.6486,CL,ST,MULTI,N,10700749.39
1,35,OH,41.5356,-81.6419,CL,ST,ON,N,184075.997
1,35,OH,41.9086,-80.7697,CL,ST,ON,N,188281.001
1,35,OH,41.6711,-81.4425,CL,ST,ON,N,1183950.993
1,35,OH,38.9917,-84.2981,CL,ST,ON,N,1545639.961
1,35,OH,41.504453,-82.054619,CL,ST,ON,N,2147107.024
1,35,OH,39.5908,-81.6797,CL,ST,ON,N,3257019.05
1,35,OH,38.9144,-82.1289,CL,ST,ON,N,5493736.038
1,35,OH,39.1128,-84.8036,CL,ST,ON,N,7676345.988
1,35,OH,40.5317,-80.6319,CL,ST,ON,N,11920467.99
1,35,OH,38.6903,-83.4803,CL,ST,RTID,N,3820619.017
1,35,OH,40.1842,-81.8811,CL,ST,RTID,N,7974026.953
1,35,OH,38.8675,-84.2289,CL,ST,RTND,N,7283735.025
1,35,OH,38.9347,-82.1158,CL,ST,RTND,N,15867729.45
1,35,OH,41.7265,-81.254,CL,ST,,N,4808
1,35,OH,40.9692,-81.7756,CL,ST,,Y,5805.45
1,35,OH,39.519989,-84.406153,CL,ST,,Y,8760
1,35,OH,39.175,-84.5042,CL,ST,,Y,33030
1,35,OH,40.520066,-81.46815,CL,ST,,N,53670
1,35,OH,40.850964,-81.765764,CL,ST,,N,261632.998
11,35,OH,39.4098,-84.5543,NG,ST,ON,N,55072
11,35,OH,41.377116,-83.161388,NG,CC,RTID,N,2311180.98
11,35,OH,39.5333,-81.7178,NG,CC,RTID,N,3923031
11,35,OH,40.0928,-82.0276,NG,CC,RTID,N,3933693
11,35,OH,39.58,-81.6564,NG,CC,RTID,N,4345118
11,35,OH,38.5731,-82.7833,NG,CC,RTID,N,7951652
11,35,OH,41.688333,-83.484722,NG,ST,,Y,100
11,35,OH,39.134533,-84.509419,NG,CC,,Y,61093.51
11,35,OH,41.890026,-80.7612,NG,CC,,Y,141306
16,35,OH,41.5967,-83.0861,NUC,ST,RTND,N,5829169
16,35,OH,41.8006,-81.1439,NUC,ST,RTND,N,10455271
17,35,OH,41.6917,-83.4378,OT,ST,ON,N,939864.002
17,35,OH,40.488484,-84.3183,OT,ST,,N,419.04
17,35,OH,41.515211,-84.293549,OT,ST,,Y,30510
17,35,OH,41.2119,-80.8176,OT,ST,,Y,36240
17,35,OH,40.27971,-81.862339,OT,ST,,Y,83964
17,35,OH,41.4739,-81.6728,OT,ST,,Y,195547.996
17,35,OH,38.596657,-82.828642,OT,ST,,Y,358641.005
17,35,OH,39.472222,-84.401389,OT,ST,,N,384386.999
17,35,OH,39.324611,-82.974039,OT,ST,,Y,462424
1,36,OK,36.45307,-97.05279,CL,ST,RC,N,5893940.992
1,36,OK,35.7322,-95.2939,CL,ST,RTID,Y,397329.996
1,36,OK,35.1931,-94.6458,CL,ST,RTID,Y,1889732.97
1,36,OK,34.0158,-95.3206,CL,ST,RTID,N,2460583.002
1,36,OK,36.190278,-95.2894,CL,ST,RTID,N,4674600.041
1,36,OK,35.76135,-95.28732,CL,ST,RTID,N,8085106.953
11,36,OK,35.50866,-97.17969,NG,ST,MULTI,N,776186
11,36,OK,34.5431,-98.3244,NG,CC,RC,N,487999
11,36,OK,34.96645,-96.7258,NG,ST,RC,N,1010798
11,36,OK,36.116492,-95.990974,NG,ST,RTID,N,196857.996
11,36,OK,35.9978,-95.9567,NG,ST,RTID,N,271597
11,36,OK,36.43725,-99.22543,NG,ST,RTID,N,272662
11,36,OK,35.1009,-98.3524,NG,ST,RTID,N,323108
11,36,OK,35.46988,-97.67498,NG,ST,RTID,N,377304
11,36,OK,35.0847,-98.23,NG,CS,RTID,N,675041
11,36,OK,36.222058,-95.277064,NG,CC,RTID,N,2341002
11,36,OK,35.29774,-97.58985,NG,CC,RTID,N,2469139
11,36,OK,34.6831,-95.9349,NG,CC,RTID,N,2819111
11,36,OK,36.0119,-95.6967,NG,CC,RTID,N,2979529
11,36,OK,35.9833,-95.9346,NG,CC,RTID,N,3127419
11,36,OK,35.6856,-97.2264,NG,CC,RTID,N,5950275
11,36,OK,36.4317,-95.7008,NG,CC,RTID,N,8507201.03
11,36,OK,36.1438,-97.0681,NG,ST,,N,972
11,36,OK,36.71979,-97.085758,NG,CC,,N,25822
11,36,OK,35.439722,-97.625,NG,CC,,Y,95443
12,36,OK,36.1261,-97.07,NG/DFO,ST,,Y,49
17,36,OK,33.9961,-95.1114,OT,ST,,Y,426672.001
1,37,OR,45.693182,-119.808819,CL,ST,RC,N,3202306.967
11,37,OR,46.172401,-123.17392,NG,CC,RTID,N,205284.997
11,37,OR,45.848039,-119.673965,NG,CC,RTID,N,1493933
11,37,OR,46.17894,-123.172039,NG,CC,RTID,N,1943131
11,37,OR,42.173889,-121.810556,NG,CC,RTID,Y,2184907
11,37,OR,45.8042,-119.37,NG,CC,RTID,Y,2315061
11,37,OR,45.794046,-119.313323,NG,CC,RTID,N,3100584
11,37,OR,44.048333,-123.073889,NG,CC,,Y,35316.73
11,37,OR,44.564333,-123.289089,NG,CC,,Y,41502
11,37,OR,45.847998,-119.67392,NG,CC,,Y,1273703
17,37,OR,44.764843,-121.234733,OT,ST,,Y,1526.78
17,37,OR,44.611944,-123.931944,OT,ST,,Y,26873.996
17,37,OR,44.770792,-122.611974,OT,ST,,Y,52744.477
17,37,OR,44.0569,-122.9555,OT,ST,,Y,71137
17,37,OR,45.048467,-122.962761,OT,ST,,N,87764
17,37,OR,44.116306,-123.179007,OT,ST,,N,116781
17,37,OR,46.153955,-123.40658,OT,ST,,Y,126658
17,37,OR,45.2879,-122.9627,OT,ST,,Y,131010.996
17,37,OR,43.0895,-123.4156,OT,ST,,Y,167283.004
17,37,OR,42.436111,-122.849958,OT,ST,,N,195155
1,38,PA,40.8361,-76.825,CL,ST,ON,N,93015
1,38,PA,40.910205,-75.079398,CL,ST,ON,N,235917.004
1,38,PA,40.937939,-80.369007,CL,ST,ON,N,301158.998
1,38,PA,41.06755,-78.366228,CL,ST,ON,N,2329488.956
1,38,PA,40.5383,-79.7906,CL,ST,ON,N,2921248.982
1,38,PA,40.096111,-76.6962,CL,ST,ON,N,5944189.97
1,38,PA,41.0714,-76.6672,CL,ST,RTND,N,6918960.993
1,38,PA,40.3842,-79.0611,CL,ST,RTND,N,11005160.04
1,38,PA,40.6604,-79.3411,CL,ST,RTND,N,11524330.98
1,38,PA,40.512825,-79.196107,CL,ST,RTND,N,11541845.99
1,38,PA,40.6348,-80.4159,CL,ST,RTND,N,17142739.77
1,38,PA,40.533299,-78.384125,CL,ST,,Y,7120
1,38,PA,40.679853,-78.233464,CL,ST,,Y,44515
3,38,PA,40.792778,-77.864722,CL/NG,ST,,Y,11996.96
11,38,PA,39.8725,-77.1672,NG,CC,DC,N,3834528
11,38,PA,40.464851,-80.043761,NG,CC,RTID,N,35594
11,38,PA,40.4219,-75.9356,NG,CC,RTID,N,2503963
11,38,PA,39.7375,-76.306666,NG,CC,RTID,N,2537263.961
11,38,PA,39.8614,-75.3358,NG,CC,RTID,N,3751680
11,38,PA,40.545278,-79.768611,NG,CC,RTID,N,3929576
11,38,PA,40.801924,-75.107563,NG,CC,RTID,N,4202458
11,38,PA,39.8592,-79.9182,NG,CC,RTID,N,4461553
11,38,PA,40.6175,-75.3147,NG,CC,RTID,N,4702961.988
11,38,PA,39.807038,-75.421606,NG,CC,RTID,Y,5089992.3
11,38,PA,40.3509,-76.3658,NG,CC,RTID,N,5208269
11,38,PA,40.1475,-74.7411,NG,CC,RTID,N,6995551
11,38,PA,41.574259,-76.043233,NG,ST,,Y,5226
11,38,PA,39.985641,-76.676158,NG,CC,,N,11465
11,38,PA,40.013993,-75.05283,NG,ST,,Y,12401
11,38,PA,40.955015,-76.878843,NG,CC,,Y,36705
11,38,PA,41.200556,-76.07,NG,CC,,N,815981
11,38,PA,39.942219,-75.188069,NG,CC,,Y,912680.004
16,38,PA,39.758936,-76.268742,NUC,ST,ON,N,18771169
16,38,PA,40.1515,-76.7232,NUC,ST,RTND,N,7327645
16,38,PA,40.6219,-80.4336,NUC,ST,RTND,N,14757306
16,38,PA,41.0919,-76.1462,NUC,ST,RTND,N,18781295
16,38,PA,40.224303,-75.58744,NUC,ST,RTND,N,19077244
17,38,PA,39.858,-75.323,OT,ST,ON,N,59937
17,38,PA,39.870935,-76.868117,OT,ST,RTID,Y,529342.333
17,38,PA,40.6917,-75.4792,OT,ST,RTID,Y,665267.004
17,38,PA,40.55,-78.8,OT,ST,RTID,N,845465.004
17,38,PA,40.40625,-79.03366,OT,ST,RTID,N,2734997.998
17,38,PA,40.797762,-75.105416,OT,ST,RTND,N,1654950.038
17,38,PA,42.143919,-80.069581,OT,ST,,Y,1010
17,38,PA,39.9058,-75.2122,OT,ST,,Y,69065.74
17,38,PA,40.325556,-75.922778,OT,ST,,Y,100885.999
17,38,PA,41.485,-75.5406,OT,ST,,N,115337.005
17,38,PA,40.244242,-76.853872,OT,ST,,Y,116726
17,38,PA,40.3097,-79.8819,OT,ST,,Y,174088.003
17,38,PA,40.873399,-75.993494,OT,ST,,Y,190399.001
17,38,PA,40.0967,-75.3103,OT,ST,,N,203540.003
17,38,PA,40.6191,-76.45,OT,ST,,N,213621.004
17,38,PA,40.0711,-76.6436,OT,ST,,N,214914.999
17,38,PA,40.0017,-76.7183,OT,ST,,N,229567.999
17,38,PA,40.1405,-74.7506,OT,ST,,N,247472.999
17,38,PA,40.3925,-79.8564,OT,ST,,Y,256797.999
17,38,PA,40.811189,-76.452951,OT,ST,,Y,279306.004
17,38,PA,41.491466,-78.675759,OT,ST,,Y,280690.003
17,38,PA,39.843743,-75.358801,OT,ST,,Y,298338.005
17,38,PA,40.162633,-74.768164,OT,ST,,N,339667
17,38,PA,40.782377,-76.176184,OT,ST,,Y,361049.001
17,38,PA,40.455,-78.7472,OT,ST,,Y,362827
17,38,PA,41.2691,-79.8134,OT,ST,,N,504788.999
17,38,PA,39.8265,-75.3882,OT,ST,,N,547219
17,38,PA,40.8556,-75.8781,OT,ST,,N,595109.999
17,38,PA,40.7903,-76.1983,OT,ST,,N,621949.998
17,38,PA,40.8222,-76.1736,OT,ST,,Y,683666
17,38,PA,40.474167,-78.7014,OT,ST,,Y,748614.996
10,39,RI,41.803333,-71.523333,LFG,CC,,N,206694.39
11,39,RI,41.8167,-71.4042,NG,CC,ON,N,1744553.956
11,39,RI,41.8017,-71.5186,NG,CC,RTND,N,1625082
11,39,RI,41.861531,-71.406856,NG,CC,,N,3487.15
11,39,RI,42.0099,-71.6701,NG,CC,,N,559769
11,39,RI,42.009722,-71.668909,NG,CC,,N,593995
11,39,RI,41.6422,-71.1706,NG,CC,,N,1453759
17,39,RI,41.8103,-71.41,OT,ST,,Y,17984
1,40,SC,33.331944,-79.357222,CL,ST,MULTI,N,4690240.031
1,40,SC,34.6022,-82.435,CL,ST,ON,N,306752
1,40,SC,34.0556,-81.2172,CL,ST,ON,N,1377732.955
1,40,SC,33.0158,-79.9297,CL,ST,ON,N,3702495.019
1,40,SC,33.3644,-81.03,CL,ST,RTID,N,2973345.035
1,40,SC,33.8264,-80.6228,CL,ST,RTID,N,3669562.048
1,40,SC,33.371389,-80.113333,CL,ST,RTID,N,11892580.48
3,40,SC,34.2338,-80.6558,CL/NG,ST,,Y,11850.103
11,40,SC,33.435,-81.9111,NG,CC,ON,N,1906473.984
11,40,SC,33.8697,-81.0178,NG,CC,RTID,Y,578782.513
11,40,SC,34.347778,-82.774444,NG,CC,RTID,N,3468024
11,40,SC,32.3594,-81.1242,NG,CC,RTID,N,4243527.949
11,40,SC,35.0727,-81.613,NG,CC,,Y,333932.2
16,40,SC,34.7939,-82.8986,NUC,ST,ON,N,21193381
16,40,SC,34.4017,-80.1589,NUC,ST,RC,N,5597462
16,40,SC,34.2983,-81.3153,NUC,ST,RC,N,6916201
16,40,SC,35.0514,-81.0694,NUC,ST,RTID,N,18711509
17,40,SC,33.8872,-80.6397,OT,ST,MULTI,Y,548353.997
17,40,SC,34.1497,-79.5606,OT,ST,RTID,Y,493171.663
17,40,SC,33.283333,-81.666666,OT,ST,,Y,70925
17,40,SC,34.385278,-80.067778,OT,ST,,Y,107872
17,40,SC,32.995,-81.281944,OT,ST,,N,118668
17,40,SC,33.238611,-80.450278,OT,ST,,N,124136
17,40,SC,34.605,-79.785,OT,ST,,Y,150756.541
17,40,SC,33.360185,-79.302573,OT,ST,,Y,532937.262
17,40,SC,32.9,-79.9667,OT,ST,,Y,573302.01
1,41,SD,45.303652,-96.510067,CL,ST,RC,Y,2692592.956
11,41,SD,44.290833,-96.526667,NG,CC,DC,N,358799
1,42,TN,36.0278,-87.9861,CL,ST,ON,Y,2066891.028
1,42,TN,36.0211,-84.1567,CL,ST,ON,N,3201812.011
1,42,TN,35.074087,-90.14868,CL,ST,ON,N,4199275.024
1,42,TN,35.8992,-84.5194,CL,ST,ON,N,5063432.96
1,42,TN,36.3156,-86.4006,CL,ST,ON,N,5865701.015
1,42,TN,36.3903,-87.6539,CL,ST,ON,N,14500956.24
1,42,TN,36.145896,-86.803833,CL,ST,,Y,10515
3,42,TN,36.5219,-82.5431,CL/NG,ST,ON,Y,1142762.025
3,42,TN,35.082107,-90.134776,CL/NG,ST,,Y,35061
11,42,TN,35.6578,-89.3964,NG,CC,RTID,N,2112113.963
11,42,TN,36.3767,-82.9639,NG,CC,RTID,N,3333750.997
16,42,TN,35.2267,-85.0917,NUC,ST,ON,N,18892391
16,42,TN,35.6021,-84.7895,NUC,ST,RTND,N,8777615
17,42,TN,36.5489,-82.5667,OT,ST,,Y,286977.012
17,42,TN,35.2964,-84.7569,OT,ST,,Y,350018.791
17,42,TN,35.0471,-88.2661,OT,ST,,Y,404269.018
1,43,TX,31.8206,-96.0544,CL,ST,OC,N,7258479.974
1,43,TX,29.4828,-95.6311,CL,ST,OC,N,16130293.82
1,43,TX,33.0917,-95.0417,CL,ST,ON,N,6537427.014
1,43,TX,29.9172,-96.7506,CL,ST,ON,N,9283719.952
1,43,TX,32.2606,-94.5706,CL,ST,ON,N,13601314.02
1,43,TX,30.619937,-96.081846,CL,ST,RC,N,2785913.02
1,43,TX,30.565871,-97.064032,CL,ST,RC,N,4501016.976
1,43,TX,32.4607,-94.4852,CL,ST,RC,N,5084651.966
1,43,TX,28.7128,-97.214167,CL,ST,RC,N,5172880.025
1,43,TX,29.308056,-98.3228,CL,ST,RC,N,5692421.002
1,43,TX,29.309722,-98.3203,CL,ST,RC,N,9278877.977
1,43,TX,31.1803,-96.4866,CL,ST,RC,N,12910945.34
1,43,TX,28.7044,-98.4775,CL,ST,RTID,N,2173032.024
1,43,TX,31.091925,-96.69503,CL,ST,RTID,N,2316751.979
1,43,TX,34.0825,-99.1753,CL,ST,RTID,N,3216641.024
1,43,TX,30.5681,-97.0614,CL,ST,RTID,N,4188796.963
1,43,TX,35.29816,-101.747187,CL,ST,RTID,N,5730314.958
1,43,TX,31.474378,-96.957149,CL,ST,RTID,N,6479705
1,43,TX,34.186494,-102.56999,CL,ST,RTID,N,6687711.975
1,43,TX,33.05522,-94.839993,CL,ST,RTID,N,7982239.954
1,43,TX,31.4219,-96.2525,CL,ST,RTID,N,11977246.06
11,43,TX,32.4302,-97.0537,NG,CS,DC,N,5518344
11,43,TX,30.0242,-93.878,NG,ST,MULTI,N,4662233.032
11,43,TX,30.1456,-97.2708,NG,ST,OC,N,143130
11,43,TX,32.7283,-97.2192,NG,ST,OC,N,274967
11,43,TX,29.751645,-94.92312,NG,CC,OC,N,1048105
11,43,TX,29.75,-94.9256,NG,ST,OC,N,1313920
11,43,TX,27.6064,-97.3117,NG,CC,OC,N,1793002
11,43,TX,30.1478,-97.2714,NG,CC,OC,N,3370109
11,43,TX,33.068055,-96.452481,NG,ST,ON,N,27552
11,43,TX,32.124519,-96.101277,NG,ST,ON,N,36684
11,43,TX,30.7217,-96.4608,NG,ST,ON,N,74919
11,43,TX,31.93985,-94.989834,NG,ST,ON,N,176266
11,43,TX,33.1344,-98.6117,NG,ST,ON,N,197743
11,43,TX,32.7231,-96.9358,NG,ST,ON,N,206023
11,43,TX,32.8358,-96.5458,NG,ST,ON,N,264099.004
11,43,TX,30.3033,-97.6128,NG,ST,ON,N,335372
11,43,TX,27.819412,-97.419203,NG,CC,ON,N,1522070
11,43,TX,28.991289,-95.407481,NG,CC,ON,Y,2409707.96
11,43,TX,32.3766,-94.6415,NG,ST,RC,N,178850
11,43,TX,29.2567,-98.3825,NG,ST,RC,N,261536.001
11,43,TX,29.308056,-98.3242,NG,ST,RC,N,470944.004
11,43,TX,30.4356,-95.5214,NG,ST,RC,N,1450291
11,43,TX,29.257046,-98.384045,NG,CC,RC,N,2183187
11,43,TX,33.1975,-97.1061,NG,ST,RTID,N,4579
11,43,TX,29.822201,-95.219429,NG,ST,RTID,N,69526
11,43,TX,29.9417,-95.5306,NG,CC,RTID,N,270735
11,43,TX,35.283357,-101.746423,NG,ST,RTID,N,476760
11,43,TX,31.8414,-102.315,NG,CC,RTID,N,630858
11,43,TX,28.7883,-97.01,NG,CC,RTID,N,635176
11,43,TX,32.3994,-97.4078,NG,CC,RTID,N,732504.002
11,43,TX,28.650278,-96.539722,NG,ST,RTID,N,767414
11,43,TX,32.848163,-94.547986,NG,ST,RTID,N,774009.997
11,43,TX,32.3958,-94.4367,NG,CC,RTID,N,930362
11,43,TX,30.2098,-97.6129,NG,CC,RTID,N,941895
11,43,TX,29.378697,-94.943829,NG,CC,RTID,Y,1036239
11,43,TX,34.1661,-102.4114,NG,ST,RTID,N,1160700.041
11,43,TX,33.5239,-101.7392,NG,ST,RTID,N,1253727.97
11,43,TX,31.055833,-97.317222,NG,CC,RTID,N,1377424
11,43,TX,26.34172,-98.175759,NG,CC,RTID,N,1571009
11,43,TX,29.2878,-96.0683,NG,CC,RTID,N,1592158
11,43,TX,32.32,-96.675,NG,CC,RTID,N,1792415
11,43,TX,32.4481,-94.6903,NG,CC,RTID,Y,1956704.53
11,43,TX,27.8139,-97.4283,NG,CC,RTID,Y,2008063.002
11,43,TX,28.9802,-95.342,NG,CC,RTID,Y,2166018.998
11,43,TX,32.9728,-102.7417,NG,CC,RTID,N,2213704
11,43,TX,29.7806,-97.9894,NG,CS,RTID,N,2399094
11,43,TX,27.88929,-97.258417,NG,CC,RTID,Y,2415807
11,43,TX,29.4731,-95.6244,NG,CC,RTID,N,2417799
11,43,TX,30.5924,-95.9178,NG,CC,RTID,N,2483769
11,43,TX,26.208,-98.3992,NG,CC,RTID,N,2678531
11,43,TX,31.983587,-106.431777,NG,CC,RTID,N,2761309.592
11,43,TX,30.054478,-93.757435,NG,CC,RTID,Y,2826441
11,43,TX,29.8161,-95.10773,NG,CC,RTID,Y,2988908
11,43,TX,29.593056,-97.973215,NG,CC,RTID,N,3022355
11,43,TX,27.882778,-97.242778,NG,CC,RTID,Y,3051751.002
11,43,TX,30.1458,-97.55,NG,CC,RTID,N,3071963
11,43,TX,29.7731,-94.9019,NG,CC,RTID,Y,3461077
11,43,TX,32.017826,-94.619743,NG,CC,RTID,N,3472762
11,43,TX,28.6917,-96.5417,NG,CC,RTID,Y,3635529.005
11,43,TX,26.3403,-98.19,NG,CC,RTID,N,3715419
11,43,TX,31.8594,-97.3586,NG,CC,RTID,N,3743591
11,43,TX,33.0583,-97.9103,NG,CC,RTID,N,3763530.1
11,43,TX,32.33422,-97.731686,NG,CC,RTID,N,3815433
11,43,TX,31.8907,-96.1131,NG,CC,RTID,N,4087206
11,43,TX,29.72475,-95.176479,NG,CC,RTID,Y,4156219
11,43,TX,29.378097,-94.932773,NG,CC,RTID,Y,4203596.996
11,43,TX,29.6244,-98.1419,NG,CC,RTID,N,4451509
11,43,TX,31.8403,-102.3264,NG,CC,RTID,N,4782049
11,43,TX,30.2588,-93.7353,NG,CC,RTID,N,4981245
11,43,TX,33.6308,-95.59,NG,CC,RTID,N,5333833
11,43,TX,29.836952,-95.121744,NG,CC,RTID,Y,6008305
11,43,TX,29.713414,-95.134508,NG,CC,RTID,Y,6184816
11,43,TX,33.101,-97.9574,NG,CC,RTID,N,6240763
11,43,TX,32.7563,-96.4916,NG,CC,RTID,N,8583702
11,43,TX,30.397351,-97.842586,NG,ST,,Y,630
11,43,TX,32.9215,-94.7226,NG,ST,,N,1572.37
11,43,TX,33.8625,-98.5894,NG,CC,,N,3687
11,43,TX,28.9275,-99.0919,NG,ST,,N,11417
11,43,TX,33.1707,-96.1264,NG,ST,,N,16933
11,43,TX,29.002,-95.394,NG,ST,,Y,33585
11,43,TX,33.5211,-101.7906,NG,ST,,N,58513
11,43,TX,25.9131,-97.5214,NG,CC,,N,75924
11,43,TX,29.9728,-94.2142,NG,ST,,Y,85648.09
11,43,TX,30.0552,-93.7579,NG,CC,,Y,153246
11,43,TX,33.6039,-101.8408,NG,CC,,N,162406
11,43,TX,29.378164,-94.92195,NG,CC,,Y,205839
11,43,TX,30.617778,-96.343333,NG,CC,,Y,219347.07
11,43,TX,32.273178,-101.422386,NG,CC,,Y,219585
11,43,TX,29.2558,-95.2103,NG,ST,,Y,231976.47
11,43,TX,28.652709,-96.559997,NG,ST,,Y,270386.53
11,43,TX,28.8947,-97.135,NG,CC,,N,291386
11,43,TX,30.2867,-97.7356,NG,CC,,Y,324648
11,43,TX,29.6255,-95.067,NG,CC,,Y,411665
11,43,TX,33.6968,-95.5577,NG,CC,,N,491723
11,43,TX,29.866497,-93.96515,NG,CC,,Y,516811
11,43,TX,30.0444,-93.771389,NG,CC,,Y,547072
11,43,TX,28.5105,-96.7706,NG,CC,,Y,661422.633
11,43,TX,32.747058,-100.954661,NG,CC,,N,889803
11,43,TX,33.582573,-96.617893,NG,CC,,N,1124930
11,43,TX,29.888462,-93.950984,NG,CC,,Y,1579423.88
11,43,TX,28.988761,-95.395417,NG,CC,,Y,1710734.69
11,43,TX,29.7314,-95.0839,NG,CC,,Y,1855695.001
12,43,TX,32.6581,-98.3103,NG/DFO,ST,ON,N,131654.004
13,43,TX,29.7189,-95.2319,NG/OG,CC,RTID,Y,3047438.995
16,43,TX,32.298365,-97.785515,NUC,ST,ON,N,18635776
16,43,TX,28.795,-96.0481,NUC,ST,RC,N,20651667
17,43,TX,31.832132,-94.90064,OT,ST,RTID,N,163549
17,43,TX,26.269683,-97.867012,OT,ST,,Y,2324
17,43,TX,32.574722,-94.373889,OT,ST,,Y,10831
17,43,TX,29.835,-93.962222,OT,ST,,Y,12188
17,43,TX,29.71977,-95.270562,OT,ST,,Y,13758
17,43,TX,28.5707,-96.8333,OT,ST,,Y,15404
17,43,TX,30.748333,-94.4375,OT,ST,,N,18397
17,43,TX,30.1525,-93.7206,OT,ST,,N,22785
17,43,TX,31.365833,-94.743611,OT,ST,,N,38478
17,43,TX,28.513929,-96.794154,OT,ST,,Y,42845.87
17,43,TX,35.6647,-101.4354,OT,ST,,Y,71172.78
17,43,TX,29.37612,-94.946477,OT,ST,,Y,76899.66
17,43,TX,35.66704,-101.432004,OT,ST,,N,97875
17,43,TX,29.723185,-95.128856,OT,ST,,Y,99944
17,43,TX,27.883588,-97.26097,OT,ST,,Y,151934
17,43,TX,29.6981,-95.2547,OT,ST,,Y,209702.005
17,43,TX,27.8175,-97.4814,OT,ST,,N,216090.998
17,43,TX,30.2178,-93.7422,OT,ST,,Y,247330.068
17,43,TX,33.2553,-94.0696,OT,ST,,Y,402392
17,43,TX,30.3419,-94.0656,OT,ST,,Y,430147.236
17,43,TX,30.0636,-94.0753,OT,ST,,Y,710761
1,44,UT,39.7272,-110.8644,CL,ST,RTID,N,1283644.992
1,44,UT,40.0864,-109.2844,CL,ST,RTID,N,3479954.954
1,44,UT,39.3792,-111.0781,CL,ST,RTID,N,6300997.967
1,44,UT,39.1747,-111.0289,CL,ST,RTID,N,9098917.954
1,44,UT,39.509731,-112.58018,CL,ST,RTID,N,12369825.97
8,44,UT,38.4889,-112.8533,GEO,ST,,N,274996
11,44,UT,39.82144,-111.89345,NG,CC,DC,N,2497439
11,44,UT,40.7686,-111.9289,NG,ST,RTID,N,190758
11,44,UT,40.331667,-111.754167,NG,CC,RTID,N,4358737
11,44,UT,40.0614,-111.7294,NG,CC,,N,358690
17,44,UT,40.7119,-112.1225,OT,ST,RTID,Y,565381.002
17,44,UT,41.1097,-111.9554,OT,ST,,Y,7304
17,44,UT,39.5472,-110.3917,OT,ST,,N,419571.004
1,45,VA,36.916389,-82.338055,CL,ST,DC,N,3535119.003
1,45,VA,37.3706,-80.8633,CL,ST,ON,N,92081
1,45,VA,36.7711,-76.3019,CL,ST,ON,N,1405016.021
1,45,VA,37.2939,-77.2697,CL,ST,RTID,Y,98623
1,45,VA,36.8702,-76.3529,CL,ST,RTID,N,107917
1,45,VA,37.4556,-77.4308,CL,ST,RTID,Y,247766
1,45,VA,36.6,-78.53,CL,ST,RTID,N,454699.996
1,45,VA,36.9333,-82.1997,CL,ST,RTID,N,729194
1,45,VA,38.2667,-77.3147,CL,ST,RTID,N,848350.998
1,45,VA,36.869,-78.704,CL,ST,RTID,N,5678306.037
1,45,VA,37.3389,-77.2806,CL,ST,,Y,8535.147
1,45,VA,37.180441,-80.542767,CL,ST,,Y,23490
3,45,VA,37.2319,-80.4211,CL/NG,ST,,Y,27924.36
3,45,VA,37.3439,-80.765,CL/NG,ST,,Y,152786.616
5,45,VA,37.4964,-77.4317,DFO/NG,CC,RTID,N,251792.003
11,45,VA,38.124688,-78.203543,NG,CC,DC,N,630944.997
11,45,VA,37.820805,-77.446246,NG,CC,DC,N,3595643.062
11,45,VA,38.5367,-77.2806,NG,CC,MULTI,N,3647784.015
11,45,VA,37.7089,-78.2878,NG,ST,ON,N,364164.998
11,45,VA,37.3822,-77.3833,NG,CC,ON,N,9136083.001
11,45,VA,37.695556,-78.285278,NG,CC,RTID,N,3172359.005
11,45,VA,37.8667,-78.3813,NG,CC,RTID,N,3701880
11,45,VA,38.3836,-78.6528,NG,ST,,Y,15013
11,45,VA,37.291667,-77.281111,NG,CC,,Y,1017172.996
16,45,VA,37.1661,-76.6986,NUC,ST,ON,N,14332325
16,45,VA,38.06,-77.7897,NUC,ST,ON,N,15888652
17,45,VA,37.2144,-76.4611,OT,ST,ON,N,1067509.005
17,45,VA,37.5392,-76.8053,OT,ST,RTID,Y,538620.005
17,45,VA,38.695,-77.2411,OT,ST,RTID,N,588615
17,45,VA,37.534,-79.357,OT,ST,,Y,48863
17,45,VA,38.8014,-77.1288,OT,ST,,N,165162.67
17,45,VA,36.701389,-78.873333,OT,ST,,N,202625
17,45,VA,37.118674,-79.273551,OT,ST,,N,226876.998
17,45,VA,36.6803,-76.9128,OT,ST,,Y,252163.255
17,45,VA,36.6525,-76.9953,OT,ST,,Y,253411.005
17,45,VA,37.2914,-77.2816,OT,ST,,Y,262091.001
17,45,VA,37.297834,-77.282982,OT,ST,,N,265666.999
17,45,VA,36.8083,-76.3036,OT,ST,,Y,270258.859
17,45,VA,37.104141,-79.276958,OT,ST,,N,322259
17,45,VA,37.799722,-79.9947,OT,ST,,Y,893091.209
16,46,VT,42.7786,-72.5133,NUC,ST,ON,N,5060582
17,46,VT,44.0075,-73.176944,OT,ST,,N,3680
17,46,VT,44.2131,-72.0572,OT,ST,,N,141852
17,46,VT,44.4917,-73.208056,OT,ST,,N,287186
1,47,WA,46.755938,-122.859764,CL,ST,RTID,N,6683651.004
10,47,WA,45.801549,-120.167176,LFG,CC,,N,151659
11,47,WA,46.6225,-122.9131,NG,CC,DC,N,2543785
11,47,WA,45.8114,-120.833,NG,CC,IDHB,N,1005123
11,47,WA,47.086111,-122.365674,NG,CC,RTID,N,698093
11,47,WA,46.138824,-122.985506,NG,CC,RTID,N,1288911
11,47,WA,45.6497,-122.7256,NG,CS,RTID,N,1577119
11,47,WA,46.9692,-123.48,NG,CC,RTID,N,1705387
11,47,WA,47.6539,-122.3036,NG,ST,,Y,12202.6
11,47,WA,48.746,-122.486,NG,CC,,Y,219643.001
11,47,WA,48.9905,-122.2733,NG,CC,,Y,446065
11,47,WA,48.828813,-122.686667,NG,CC,,Y,723051.996
12,47,WA,48.4708,-122.56,NG/DFO,CC,,Y,1003102.88
16,47,WA,46.4711,-119.3339,NUC,ST,RTID,N,9497321
17,47,WA,45.713079,-121.469178,OT,ST,,Y,5820
17,47,WA,48.134722,-123.465556,OT,ST,,Y,7627
17,47,WA,48.269737,-121.599979,OT,ST,,Y,18992
17,47,WA,48.0931,-122.7958,OT,ST,,Y,34140
17,47,WA,45.584722,-122.4056,OT,ST,,N,66234
17,47,WA,46.954071,-123.761086,OT,ST,,Y,108916
17,47,WA,46.9728,-123.7739,OT,ST,,Y,122131
17,47,WA,47.626327,-117.50424,OT,ST,,N,132721
17,47,WA,48.4481,-122.4331,OT,ST,,Y,159064
17,47,WA,48.620336,-118.111059,OT,ST,,N,259376.999
17,47,WA,46.103887,-122.918429,OT,ST,,Y,297264.003
17,47,WA,47.266069,-122.428288,OT,ST,,Y,311151.003
17,47,WA,46.1236,-122.9728,OT,ST,,Y,322607.004
1,48,WI,44.8606,-89.6553,CL,ST,MULTI,N,5012425.019
1,48,WI,44.308333,-91.911111,CL,ST,ON,N,69294
1,48,WI,44.54,-88.0086,CL,ST,ON,N,967350.996
1,48,WI,42.7225,-91.0085,CL,ST,ON,N,1105999.032
1,48,WI,44.303583,-91.912647,CL,ST,ON,N,1383643.016
1,48,WI,43.5589,-91.2325,CL,ST,ON,N,1605456.02
1,48,WI,43.715142,-87.705863,CL,ST,ON,N,3832680.015
1,48,WI,42.8457,-87.8294,CL,ST,ON,N,4327162.041
1,48,WI,42.8492,-87.8336,CL,ST,ON,N,6820940.021
1,48,WI,43.4864,-89.4203,CL,ST,RC,N,4939935.042
1,48,WI,42.5381,-87.9033,CL,ST,RTID,N,6231479.989
3,48,WI,43.0303,-87.9233,CL/NG,ST,ON,Y,548164
3,48,WI,43.6233,-88.7297,CL/NG,ST,,Y,1900
3,48,WI,43.046,-88.0281,CL/NG,ST,,N,25361
3,48,WI,45.6394,-89.4205,CL/NG,ST,,Y,53429.171
11,48,WI,43.0789,-89.3744,NG,ST,ON,N,1158
11,48,WI,43.3842,-87.8689,NG,CC,ON,N,2943386
11,48,WI,42.855463,-88.72992,NG,CC,RTID,Y,705454.001
11,48,WI,44.3204,-88.208889,NG,CC,RTID,N,1579022.98
11,48,WI,42.583056,-89.035833,NG,CC,RTID,N,1833370
11,48,WI,44.3528,-89.5836,NG,ST,,Y,12770
11,48,WI,43.07,-89.4006,NG,ST,,Y,49116.92
11,48,WI,43.075071,-89.4251,NG,CC,,Y,89377
16,48,WI,44.2806,-87.5369,NUC,ST,ON,N,9447096
17,48,WI,44.082,-87.6558,OT,ST,ON,Y,160324
17,48,WI,44.4936,-88.0303,OT,ST,ON,Y,470120.004
17,48,WI,45.9356,-90.4472,OT,ST,,Y,28554
17,48,WI,44.3989,-89.9403,OT,ST,,Y,32208
17,48,WI,43.8292,-91.2597,OT,ST,,N,54574
17,48,WI,44.887778,-89.629722,OT,ST,,Y,66586
17,48,WI,45.4431,-89.7342,OT,ST,,Y,103283.146
17,48,WI,44.7881,-89.6917,OT,ST,,Y,118293
17,48,WI,44.3142,-89.8964,OT,ST,,Y,169991.348
17,48,WI,44.2826,-88.2534,OT,ST,,Y,179330
17,48,WI,46.587222,-90.9017,OT,ST,,N,181064.001
17,48,WI,42.70826,-90.98474,OT,ST,,N,263890.998
17,48,WI,44.43,-89.78,OT,ST,,Y,273656.996
17,48,WI,44.3953,-89.826,OT,ST,,Y,313336.996
1,49,WV,39.2008,-79.2636,CL,ST,OC,N,9850216.974
1,49,WV,39.8461,-80.8186,CL,ST,ON,N,1023815.999
1,49,WV,38.9669,-81.9231,CL,ST,ON,N,1425558.021
1,49,WV,38.2056,-81.4211,CL,ST,ON,N,1548882.96
1,49,WV,39.707893,-79.958974,CL,ST,RTID,N,3755227.994
1,49,WV,39.710833,-79.9275,CL,ST,RTND,N,6168168.971
1,49,WV,38.9794,-81.9344,CL,ST,RTND,N,8241231.026
1,49,WV,39.8297,-80.8153,CL,ST,RTND,N,8506339.98
1,49,WV,39.366667,-81.294444,CL,ST,RTND,N,8578385.979
1,49,WV,39.384167,-80.3325,CL,ST,RTND,N,12845557.05
1,49,WV,38.4731,-81.8233,CL,ST,RTND,N,13544834.29
1,49,WV,38.380833,-81.7725,CL,ST,,N,18260.105
17,49,WV,39.7475,-80.8547,OT,ST,ON,Y,586274.681
17,49,WV,39.6397,-79.960556,OT,ST,,Y,413607.004
17,49,WV,39.561831,-80.163138,OT,ST,,N,540225
1,50,WY,44.2919,-105.3806,CL,ST,DC,N,838977
1,50,WY,44.290128,-105.381482,CL,ST,DC,N,2622574.952
1,50,WY,44.388889,-105.460833,CL,ST,DC,N,3277439.01
1,50,WY,42.8378,-105.7769,CL,ST,MULTI,N,5183443.971
1,50,WY,41.7581,-110.5983,CL,ST,RTID,N,4958588.961
1,50,WY,42.108889,-104.8825,CL,ST,RTID,N,10102048.96
1,50,WY,41.7378,-108.7875,CL,ST,RTID,N,14015874.98
1,50,WY,44.2872,-105.3878,CL,ST,,N,25430
1,50,WY,44.2856,-105.3833,CL,ST,,N,567896.001
1,50,WY,44.2919,-105.3811,CL,ST,,N,697290.002
1,50,WY,44.2858,-105.3833,CL,ST,,N,705405.997
3,50,WY,42.0469,-104.1863,CL/NG,ST,,Y,5595
3,50,WY,41.5933,-109.7542,CL/NG,ST,,Y,228347.819
3,50,WY,41.621667,-109.811944,CL/NG,ST,,Y,297733.997
11,50,WY,41.123611,-104.72,NG,CC,,N,45227
17,50,WY,44.9806,-108.8428,OT,ST,,Y,10003.61
17,50,WY,41.77952,-107.10972,OT,ST,,Y,25638.07
17,50,WY,41.5417,-109.1328,OT,ST,,Y,78501.13
11,51,#N/A,#N/A,#N/A,NG,CC,,N,199518