id	renewable	hydro	nuclear	naturalgas	coal	other
01001	5.616318729	5.484141756	0	6.669074635	4.718717603	3.965502592
01005	0	0	0	0	0	0
01015	0	5.427060695	0	4.963752521	0	4.179852677
01017	0	3.048441804	0	0	0	0
01019	0	5.462339589	0	0	0	0
01021	0	5.883638159	0	0	0	0
01023	5.329342274	0	0	4.638340953	4.781032322	3.84477704
01025	4.833938687	0	0	4.699300064	0	3.006744928
01033	0	0	0	1.928580183	6.465034709	4.351390048
01037	0	5.814841347	0	0	0	0
01039	0	4.497993334	0	6.363829494	0	2.472400972
01047	5.390443253	0	0	4.87327642	0	3.364195723
01051	0	6.356613765	0	0	0	0
01053	3.362588773	0	0	0	0	5.387858565
01055	3.31171615	0	0	4.631095382	5.339110729	2.269157892
01063	0	0	0	5.14308719	6.371054586	3.410383238
01069	0	0	7.145307592	0	0	2.864511081
01071	0	0	0	0	6.669984391	4.042129965
01073	0	0	0	5.168628559	7.319490266	0
01077	0	6.472656272	0	0	0	0
01079	5.564341077	6.191738493	0	3.977644374	0	4.011000539
01081	0	5.820079893	0	6.860611556	0	0
01083	0	0	7.410652864	0	0	0
01085	0	0	0	5.488200884	0	0
01091	0	0	0	2.562816082	3.995901656	5.279022058
01095	0	5.887480577	0	0	0	0
01097	5.390900156	0	0	6.903479225	6.906223308	0
01099	5.91459918	0	0	3.659686353	0	4.250030964
01103	0	0	0	6.861126987	0	0
01111	0	5.30601091	0	0	0	0
01113	5.770838708	0	0	5.29004591	0	0
01117	0	0	0	0	6.903895223	4.276834724
01121	4.906128574	5.709192765	0	3.714078165	4.805713597	0
01125	0	5.698290236	0	0	0	0
01127	0	5.645694355	0	0	6.71584237	3.972251358
01129	0	0	0	5.927561801	6.479218889	4.065280983
01131	0	5.52767758	0	5.289247697	5.359611626	4.285355079
02016	3.813675376	4.324714477	0	0	0	4.89233109
02020	0	0	0	6.040963765	0	2.700575659
02050	0	0	0	0	0	4.814046122
02060	0	0	0	0	0	4.324611653
02068	0	0	0	0	5.328264516	2.134932161
02070	0	0	0	0	0	4.31461668
02090	0	0	0	0	5.620810494	5.859985261
02100	0	0	0	0	0	0
02110	0	5.52927889	0	0	0	4.238572962
02122	0	5.597207329	0	6.384878701	0	2.752408033
02130	0	5.239422116	0	0	0	4.087994255
02150	3.788026884	4.993661035	0	0	0	4.320769228
02164	0	0	0	0	0	2.555094449
02170	0	4.756301321	0	0	0	3.623766
02180	0	0	0	0	0	4.655061562
02185	0	0	0	4.720627088	0	4.435086252
02188	2.948901761	0	0	0	0	4.411501858
02195	0	4.07044425	0	0	0	3.593020091
02198	0	4.396112131	0	0	0	3.317436497
02220	0	5.066411657	0	0	0	3.5984622
02230	0	4.424473273	0	0	0	3.884398826
02240	0	0	0	0	0	4.130076333
02261	0	4.77725278	0	0	0	4.568906352
02270	0	0	0	0	0	3.860996437
02290	0	0	0	0	0	3.943543977
04001	3.825296264	0	0	0	7.146799803	4.44090935
04003	0	0	0	5.154042993	6.291596402	0
04005	0	6.568655266	0	0	7.207316481	4.352282645
04012	0	4.890007208	0	0	0	0
04013	4.276989989	5.624434743	7.486598369	7.448308678	0	0
04015	0	6.379157706	0	6.584612181	0	0
04017	5.220594359	0	0	3.892098333	6.873573886	3.753157211
04019	3.567120983	0	0	5.791638956	5.132146111	3.751746797
04021	2.723455672	0	0	6.130587157	0	2.009089542
04023	0	0	0	4.299871557	0	0.106190897
04025	3.799616204	0	0	0	0	2.45331834
04027	0	0	0	5.834017039	0	3.502403083
05001	4.246621663	0	0	0	0	0
05003	5.608968554	0	0	4.747939291	0	4.117435269
05005	0	5.359856343	0	0	0	0
05007	0	0	0	0	6.450499649	3.818667686
05011	4.843606472	0	0	0	0	0
05015	0	5.270051975	0	0	0	0
05019	0	5.254729297	0	0	0	0
05021	0	0	0	0	0	2.936010796
05023	0	5.531800687	0	0	0	0
05029	0	5.171047429	0	0	0	0
05031	0	0	0	4.306664542	0	2.482629224
05033	0	5.160441518	0	0	0	0
05041	5.081177165	5.648616608	0	4.690964818	0	2.749796587
05047	0	5.446532507	0	4.791255435	0	0
05051	0	5.527774212	0	0	0	0
05055	0	0	0	3.258397804	0	0
05057	0	0	0	4.357668093	0	0
05059	0	4.437243061	0	6.664373231	0	0
05063	0	4.439364278	0	0	7.056064084	4.084123411
05065	2.463892989	0	0	0	0	0
05069	5.514742273	0	0	6.137652281	7.032890788	4.241451045
05073	0	0	0	4.648613682	0	0
05081	5.78338897	0	0	4.992849797	4.948984865	4.21945131
05089	0	5.94640903	0	0	0	0
05093	0	0	0	5.528599215	0	2.152288344
05103	0	0	0	4.978794716	0	4.590723831
05107	0	0	0	0	0	0
05109	0	4.784945207	0	0	0	0
05115	0	5.911385087	7.180984607	0	0	0
05119	4.561828278	5.217412872	0	5.259917079	0	1.278753601
05123	0	0	0	3.35945602	0	0
05137	0	4.356847751	0	0	0	0
05139	0	0	0	6.62481221	0	0
05143	0	0	0	4.442024854	0	0
05147	0	0	0	4.221648928	0	3.774297938
06001	5.91834724	0	0	5.276742052	0	4.054903674
06005	0	5.991545918	0	0	0	0
06007	5.080081473	6.425575952	0	4.052693942	0	0
06009	0	5.737699024	0	0	0	0
06011	5.238778233	0	0	2.586713299	0	0
06013	5.176126001	0	0	7.177198022	0	5.890855276
06017	0	6.188259549	0	0	0	0
06019	5.572920215	6.5918712	0	6.018895194	0	0
06021	0	3.748188027	0	0	0	0
06023	5.362244107	0	0	5.730093049	0	3.654920753
06025	6.606264821	5.339763385	0	5.7567192	0	2.867316018
06027	6.225248011	5.31170937	0	0	0	0
06029	6.331849726	5.507506407	0	7.473913525	5.790161636	5.475014252
06031	0	0	0	5.065347169	0	5.304506161
06033	6.083537018	3.116939647	0	0	0	0
06035	5.364126812	4.506044788	0	0	0	0
06037	6.02124724	6.033239946	0	7.300366412	0	5.470938044
06039	4.714287837	5.997355799	0	4.719877955	0	0
06043	0	5.339849041	0	0	0	0
06045	0	4.492397161	0	0	0	4.129689892
06047	4.874626752	0	0	0	0	0
06051	5.382465522	5.285019171	0	0	0	0
06053	4.622123838	3.993788814	0	6.704699218	0	0
06055	3.82672252	0	0	0	0	0
06057	0	5.679716724	0	0	0	0
06059	5.307179455	4.55299655	0	6.110018991	0	0
06061	5.482519358	6.195969355	0	5.866546569	0	2.831869774
06063	5.337682801	6.055949878	0	0	0	0
06065	6.284952733	4.978828507	0	6.480765777	0	3.331647729
06067	4.822089585	5.72674432	0	6.712941995	0	0
06071	5.810436172	6.030946857	0	7.056692238	6.062476462	0.602059991
06073	5.523443723	4.586335994	7.190302165	6.845264873	0	2.519827994
06075	0	0	0	5.812235328	0	3.635282638
06077	5.260018038	4.578914138	0	5.59099414	5.444673847	5.189456321
06079	0	0	7.211250276	5.442617718	0	0
06081	4.917095704	0	0	5.316877848	0	0
06083	4.477526407	0	0	5.606735031	0	0
06085	4.884228906	0	0	6.645840383	0	3.181627816
06087	4.278593568	0	0	5.228194636	0	2.217825981
06089	5.913627866	6.728051589	0	4.815293033	0	0
06091	4.742324422	4.369011654	0	0	0	0
06093	0	5.503862833	0	0	0	0
06095	6.16575932	4.598407459	0	5.618095982	0	0
06097	6.761273876	3.9909601	0	0	0	0
06099	0.15624619	4.320686221	0	6.29380297	0	3.318451938
06101	0	0	0	6.472526373	0	0
06103	0	4.934548948	0	4.648789214	0	0
06105	0	5.410583233	0	0	0	0
06107	4.761657259	5.023231876	0	4.201812101	0	0
06109	5.213115494	6.486668319	0	0	0	0
06111	4.483875576	2.888740961	0	6.190266561	0	0
06113	5.256009184	0	0	3.273791085	0	0
06115	4.033664963	6.002109881	0	0	0	0
08001	4.587724207	0	0	5.792263143	6.494500009	3.138938356
08003	4.241919853	0	0	2.959955788	0	2.228097376
08005	4.242118854	0	0	0	0	0
08009	0	0	0	0	0	1.070407322
08011	5.409439403	0	0	0	0	0.301029996
08013	0	4.632224391	0	4.15829855	6.043611171	0.876506504
08015	0	3.341830057	0	0	0	0
08019	0	0	0	0	0	0
08029	0	0	0	2.503286664	0	1.675503385
08031	3.512550993	3.71189155	0	5.488986248	5.891289425	0.988558957
08035	0	3.776265218	0	0	0	0
08037	0	0	0	4.149920194	0	0.69019608
08041	0.827756863	4.918743086	0	6.36703362	6.534631471	3.091072605
08043	2.58103667	0	0	0	5.405412792	0
08045	3.399846713	4.862799011	0	3.658202253	0	0
08049	0	4.071440127	0	0	0	0
08051	0	5.471875269	0	0	0	0
08059	3.353339095	4.426966463	0	5.392144121	5.259784606	2.199511092
08063	0	0	0	0	0	3.582858462
08065	0	0	0	0	0	0
08067	0	4.516482489	0	0	0	0
08069	2.033423755	5.734457378	0	4.471995402	6.371511443	2.150839301
08071	0	0	0	0.525433553	0	1.539665636
08073	0	0	0	4.182943131	0	2.841652239
08075	6.182806254	0	0	0	0	0
08077	0	4.724980003	0	4.177426484	5.570297357	1.863970844
08081	0	0	0	3.97613007	6.973840492	2.709760809
08083	0	4.30105171	0	0	0	0
08085	0	5.737710147	0	0	5.809453127	3.431569764
08087	0	0	0	5.771578793	6.32027361	0
08089	0	0	0	0	0	3.14066514
08093	0	3.901676231	0	0	0	0
08097	0	4.290279529	0	0	0	0
08099	5.411587638	0	0	0	4.510370721	0.301029996
08101	0	0	0	4.85317867	6.666090249	0
08103	0	4.08905688	0	0	0	0
08107	0	0	0	3.43629721	6.508591682	3.167019431
08109	0	0	0	0	0	0
08113	0	4.104828404	0	0	0	0
08115	0	0	0	0	0	0
08117	0	4.89902667	0	0	0	0
08123	5.984733835	0	0	6.980830472	0	0
09001	0	5.157214922	0	6.422216278	5.997796678	4.732968321
09003	4.169674434	4.755491822	0	5.749938659	0	3.632281717
09005	4.202079441	5.081499824	0	0	0	3.030194785
09007	0	0	0	4.955587447	0	4.790368587
09009	2.793689131	5.187885713	0	6.569544987	0	5.135016156
09011	0	4.323932409	7.221606745	5.139788076	6.163923689	4.684759526
09015	0	4.267312558	0	6.425477521	0	5.129674266
10001	4.242417184	0	0	4.566459495	4.86899103	3.610993526
10003	4.92909362	0	0	6.194886231	5.644676533	5.36670169
10005	4.365487985	0	0	2.538312274	6.367909191	4.439494884
11001	0	0	0	0	0	4.550216119
12001	0	0	0	5.876662914	6.109283112	3.806257529
12005	5.310003507	0	0	6.572763185	6.166872396	4.127495131
12009	0	0	0	6.278601511	0	5.641165895
12011	4.772849582	0	0	6.801901035	0	5.955788329
12017	0	0	6.731406388	0	7.044915981	4.683240418
12027	3.976349979	0	0	2.159203124	0	3.882565575
12031	4.885302858	0	0	6.422453426	7.015605928	6.473664913
12033	5.562534902	0	0	5.623791871	6.518896963	3.788004454
12039	0	5.273029066	0	0	0	0
12047	0	0	0	0	0	5.023021872
12049	0	0	0	6.570014891	0	4.30138417
12051	5.307831423	0	0	0	0	3.340874626
12053	0	0	0	0	5.858520893	3.381675419
12055	0	0	0	4.368033432	0	4.467188006
12057	4.110085771	0	0	6.927991537	6.917681634	5.482605543
12061	0	0	0	4.755097589	0	1.777593548
12063	4.443356879	0	0	0	3.594942971	0
12065	3.651859269	0	0	0	0	0
12069	0	0	0	5.698170008	0	2.993075418
12071	0	0	0	6.969944856	0	3.990590433
12073	0	4.315760491	0	6.12078362	0	3.721852971
12077	4.337439293	0	0	0	0	0
12081	0	0	0	6.962690711	0	6.021066328
12083	4.324529377	0	0	0	0	0
12085	0	0	0	7.15498703	6.167097697	6.187245497
12086	4.439313742	0	7.028383424	6.855524396	0	5.841779072
12087	0	0	0	0	0	3.938069186
12089	5.797056772	0	0	0	5.301123826	4.277370734
12095	4.926363744	0	0	6.539183602	6.769596863	4.216302479
12097	0	0	0	6.258066797	0	4.732146705
12099	5.519493307	0	0	6.516211756	0	4.62489848
12101	0	0	0	6.313301456	0	5.902334665
12103	0	0	0	6.59146829	0	5.442625882
12105	5.211370496	0	0	7.259092454	6.458333856	4.899537818
12107	5.415572611	0	0	6.115754101	6.84914537	4.771093066
12111	0	0	7.115768826	6.20272774	0	0
12113	0	0	0	5.350558118	0	0
12121	0	0	0	5.462043093	0	4.180237475
12123	5.434956253	0	0	3.326059832	0	4.5557451
12127	4.201178556	0	0	7.045278727	0	4.737708963
12129	0	0	0	6.110700236	0	0
13001	0	0	7.093304515	0	0	0
13009	0	5.139595758	0	0	0	0
13015	0	5.180796592	0	0	7.333019964	3.97763404
13021	3.822417335	0	0	5.413701065	2.919864343	2.133538908
13033	0	0	7.285240451	0	0	3.086003706
13039	0	0	0	0	0	3.454222688
13051	5.849058762	0	0	4.98454941	6.039707949	3.756813517
13059	0	0	0	0	0	1.167317335
13061	0	5.689291096	0	0	0	0
13067	0	0	0	3.571578757	6.315330853	3.288227085
13071	0	0	0	0.301029996	0	0
13073	0	4.749032529	0	0	0	0
13077	0	0	0	5.34319329	6.63391811	3.728021074
13087	0	0	0	0	0	2.117271296
13089	4.321846883	0	0	0	0	1.301029996
13095	0	4.486855355	0	0	4.345934912	0
13099	5.333516792	0	0	4.782062596	5.254224099	4.485092138
13103	3.486883099	0	0	6.981844319	4.767796182	5.686463741
13105	0	5.692337448	0	0	0	0
13111	0	4.601951404	0	0	0	0
13113	0.954242509	0	0	0	0	0
13115	5.477474711	0	0	4.396110316	6.540548143	4.296555221
13117	0	5.126261319	0	0	0	0
13121	0	4.430300856	0	0	0	2.445323923
13125	0	0	0	0	0	2.452123918
13127	5.62002886	0	0	4.533439476	0	4.452825029
13135	4.062807533	0	0	0	0	0
13137	0	5.52164011	0	0	0	0
13141	0	4.434073654	0	0	0	0
13147	0	5.477459872	0	4.856258952	0	3.167246128
13149	0	0	0	6.854885302	6.858895569	3.818076637
13153	0	0	0	4.481294527	0	3.847037543
13157	0	0	0	5.281277354	0	3.595018235
13159	0	4.88826376	0	0	0	0
13163	0	0	0	3.730701544	0	2.383815366
13175	4.446504547	0	0	4.071451622	4.916768075	4.358663431
13179	4.992310307	0	0	3.626993371	0	3.484555784
13185	0	0	0	0	0	0
13193	5.319301308	0	0	0	0	3.557175279
13205	0	0	0	5.044845384	0	0
13207	0	0	0	4.351003499	7.361180981	3.840289313
13211	0	3.119255889	0	0	0	0
13213	0	6.016806528	0	6.341635104	0	0
13215	0	5.559533187	0	0	0	0
13219	0	1.431363764	0	0	0	0
13233	0	0	0	5.124484662	0	0
13237	0	0	0	0	6.807828462	3.938911014
13241	0	4.985592615	0	0	0	0
13245	5.508330674	3.788804493	0	4.483075298	4.656709571	3.773115915
13247	0	3.33983091	0	0	0	0
13257	0	4.77372795	0	0	0	0
13263	0	0	0	4.729725753	0	2.948276983
13269	4.132483825	0	0	0	0	0
13285	0	4.546690693	0	0	0	0
13291	0	4.507626525	0	0	0	0
13293	0	0	0	4.119222887	0	0
13297	0	0	0	5.041676858	0	0
13301	0	0	0	0	0	2.361727836
13303	0	0	0	4.784017852	0	2.305093296
13305	5.674958297	0	0	4.033103305	0	4.098157182
13321	0	4.615023691	0	2.043955343	1.693278357	0
15001	5.490461351	4.773354861	0	0	0	5.914691812
15003	3.515447152	0	0	4.349177055	6.158381408	6.792684228
15007	4.016029168	4.548876022	0	0	0	5.621094079
15009	5.304827378	4.253289532	0	0	4.778897451	6.035550218
16001	0	5.67885797	0	0	0	0
16003	4.586778532	0	0	0	0	0
16005	0	3.675319983	0	0	0	0
16009	4.568154771	0	0	0	0	0
16013	0	4.321908974	0	0	0	0
16015	0	4.637999776	0	0	0	0
16017	0	6.102679599	0	0	0	0
16019	5.186930921	5.959128243	0	0	0	0
16021	0	4.889133556	0	0	0	0
16023	0	4.072213123	0	0	0	0
16027	0	0	0	0	4.626606715	0
16029	0	4.874713689	0	0	0	0
16031	4.880527778	5.211296787	0	0	0	0
16033	0	4.051499819	0	0	0	0
16035	0	6.266590794	0	0	0	0
16039	4.9263939	5.090145143	0	5.454204375	0	0
16041	0	4.636156784	0	0	0	0
16043	0	5.0340988	0	0	0	0
16045	0	4.792405699	0	0	0	0
16047	0	5.952418023	0	0	0	0
16049	0	3.549518221	0	0	0	0
16053	0	5.309635788	0	0	0	0
16055	0	4.926085087	0	6.091787559	0	0
16059	0	0	0	0	0	1.612783857
16063	0	4.305309228	0	0	0	0
16067	0	5.093092337	0	4.871555423	0	0
16069	5.604588112	0	0	4.675794137	0	0
16073	0	5.681087398	0	0	0	0
16077	0	5.585293748	0	0	0	4.859564574
16081	0	4.781812798	0	0	0	0
16083	4.876316008	5.680835571	0	3.272586236	4.604645334	0
16085	0	4.65174308	0	0	0	0
16087	0	6.381444875	0	0	0	0
17011	5.548803244	0	0	2.411266067	0	2.20468962
17019	0	0	0	5.350434473	4.702665629	2.650723159
17021	4.328746458	0	0	3.779305229	6.835282208	0
17023	0	0	0	0	0	2.426511261
17025	0	0	0	2.44870632	0	2.103803721
17027	0	0	0	0	0	2.81756537
17031	5.067517202	0	0	5.570100969	6.632727737	4.26336973
17033	0	0	0	0	5.73072035	3.520314105
17037	4.16501569	0	0	0	0	0
17039	0	0	6.948799844	1.643126833	0	2.085122823
17041	0	0	0	3.03786774	4.650406681	0
17043	5.695083099	4.730249171	7.274359888	4.854217491	0	1.914591708
17049	0	0	0	0	0	1.924279286
17051	0	0	0	2.745855195	0	0
17053	0	0	0	3.804650467	0	0
17057	0	0	0	0	6.282189706	3.965188338
17063	4.258972331	0	7.154345233	5.686024609	0	0
17065	0	0	0	0	0	2.149219113
17073	0	0	0	0	0	0
17077	0	0	0	4.887409104	0	0
17079	0	0	0	0	6.901836725	3.829218064
17089	4.74621371	0	0	4.578694691	0	1.950257728
17091	4.105237601	2.982723388	0	4.692658714	0	0
17093	1.644389347	0	0	6.28330945	0	0
17095	0	0	0	0	0	0
17097	4.984617313	0	0	5.106654841	6.618662173	2.58025535
17103	5.49410448	3.946157395	0	4.217378648	0	0
17109	0	0	0	0	0	1.785329835
17111	0	0	0	2.352953912	0	0
17113	6.060857933	0	0	0	0	0
17115	2.663780052	0	0	3.043986741	6.174268814	4.00619387
17119	4.472975735	0	0	4.575809319	6.534404128	2.252853031
17121	0	0	0	0	0	0
17125	0	0	0	2.305207297	6.304826978	3.67592986
17127	0	0	0	0	6.850541553	0
17133	0	0	0	2.107884638	0	2.208981201
17135	0	0	0	0	6.622456711	4.412996642
17137	0	0	0	0	5.71822613	2.673884948
17139	0	0	0	0	0	2.071882007
17141	3.239299479	0	7.294868875	2.245914698	0	0
17143	0	0	0	5.330317321	6.690019384	3.696506662
17145	0	0	0	4.804929579	0	0
17147	0	0	0	4.55735078	0	0
17149	3.515725523	0	0	0	4.626534063	2.501237328
17155	0	0	0	3.556413594	6.327466234	0
17157	0	0	0	0	7.085444092	4.073733193
17161	4.481757843	4.001214325	7.163268593	5.111736214	3.792741786	0
17163	4.267476801	0	0	1.815112658	0	1.976212377
17167	0	0	0	4.001117174	6.261772361	3.785613813
17171	0	0	0	3.033787928	0	1.399569894
17173	0	0	0	5.305914297	0	0
17175	5.649766991	0	0	0	0	0
17177	5.127639235	0	0	0	0	0
17179	5.092011443	0	0	3.70909536	6.969867216	0
17183	4.354530998	0	0	4.409482795	5.863077465	0
17191	0	0	0	0	0	1.819543936
17193	0	0	0	1.266842949	0	2.279926895
17195	0	3.775537635	0	0	0	2.315970345
17197	4.451141421	4.704442237	7.283933594	5.622699828	7.098870815	4.816785326
17199	0	0	0	3.81881285	6.236222292	3.68331438
17201	4.632497784	3.794139356	0	4.524804128	0	0
18001	0	0	0	0	4.013300787	0
18007	6.103658892	0	0	0	0	0
18015	0	4.562197666	0	0	0	0
18017	4.415674335	0	0	0	5.109619039	0
18019	4.264759756	0	0	0	0	0
18029	0	0	0	5.742924563	6.4256804	4.014065425
18037	0	0	0	0	3.785329835	0
18039	0	4.185655459	0	0	0	0
18041	0	0	0	0	0	0
18043	0	0	0	0	6.259766095	4.370660062
18051	0	0	0	0	7.275969948	4.36499896
18055	0	0	0	4.134400256	0	0
18057	0	0	0	5.116179215	0	0
18063	4.8896434	0	0	0	0	1.342422681
18065	0	0	0	4.391922621	0	0
18073	0	0	0	4.720332738	6.936548947	2.002710209
18075	4.229707433	0	0	0	0	0
18077	0	0	0	0	6.921518148	3.798010608
18083	0	0	0	4.289053558	4.621246553	0
18089	0	0	0	6.292854228	6.565534273	4.11757768
18091	4.647402532	0	0	3.942918323	6.321027205	0
18093	0	0	0	4.337898326	0	0
18095	0	0	0	3.352031357	0	3.171370391
18097	4.349572417	0	0	4.439704938	6.583291325	3.770775746
18103	0	0	0	0	4.010547697	1.757069426
18107	0	0	0	0	3.051923916	0
18109	0	0	0	0	6.009507209	3.579723363
18125	0	0	0	0	7.100413034	4.321561606
18127	0	0	0	5.823648715	6.424245136	0
18129	0	0	0	4.667081496	6.314699541	0
18141	4.699221822	4.406420946	0	4.532282155	4.621924836	3.096544705
18147	0	0	0	0	7.272016276	4.257979166
18153	0	0	0	0	6.878869965	3.952201507
18155	0	5.609308342	0	0	0	0
18157	0	0	0	2.84610815	5.044345739	2.311711489
18163	0	0	0	3.977128901	0	0
18165	0	0	0	4.582608731	6.714958882	3.722862196
18167	0	0	0	5.860145676	6.523875854	3.687955555
18169	0	0	0	0	0	0
18173	0	0	0	4.747464309	6.771046279	3.977791167
18177	0	0	0	2.665569735	5.267972196	2.739347624
18179	0	0	0	4.497399649	0	0
18181	5.203291319	4.288226862	0	0	0	0
19001	5.641526659	0	0	0	0	1.968482949
19003	0	0	0	0	0	1.204119983
19005	0	0	0	0	6.104896634	3.446224537
19007	0	0	0	0	0	0
19009	0	0	0	3.608899837	0	0.977906428
19011	0	0	0	0	0	0
19013	0	0	0	4.492376896	4.490632644	3.662422162
19015	0	0	0	0	0	1.908485019
19017	2.935003151	0	0	2.265911622	0	2.355137228
19019	0	0	0	0	0	2.361727836
19021	5.92598828	0	0	0	0	0.903089987
19027	5.866105311	0	0	0	0	1.342422681
19029	0	0	0	2.176878067	0	1.248659743
19031	0	0	0	0	0	1.612783857
19033	4.923642889	0	0	5.767021281	0	2.786225977
19037	0	0	0	2.455071853	0	2.388901882
19041	0	0	0	3.034200367	3.538342199	2.219869946
19043	0	0	0	0	0	1.544068044
19045	0	0	0	4.928679234	6.075069577	0
19047	0	0	0	0	0	0.903089987
19051	0	0	0	1.524123385	0	1.407747712
19053	0	0	0	0	0	1.748188027
19055	0	0	0	0	0	1.447158031
19057	0	0	0	3.288782709	6.080222522	1.176380692
19059	5.241954685	0	0	0	0	1.72427587
19061	0	0	0	3.854478693	5.109503593	2.205115005
19063	0	0	0	1.476106717	0	1.207634367
19067	5.335620355	0	0	0	0	1.167317335
19069	4.611925012	0	0	0	0	0
19073	4.530199698	0	0	0	0	0
19075	0	0	0	0	0	1.875061263
19077	0	0	0	0	0	1.036628895
19079	5.692988725	0	0	0	0	1.531478917
19081	5.986097383	0	0	0	0	0
19087	0	0	0	0	0	0.84509804
19089	4.251516552	0	0	0	0	1.146128036
19095	0	0	0	0	0	0
19097	0	3.888684847	0	0	0	0
19103	3.972765344	0	0	3.931883057	4.743728981	1.167317335
19109	4.492075591	0	0	0.469380136	0	2.21598898
19111	0	5.977677888	0	0	0	2.85672889
19113	4.331961686	0	6.670146641	0	5.792749798	0
19115	0	0	0	4.071068342	6.673662018	1.770822567
19119	0	0	0	0	0	1.462397998
19121	0	0	0	1.952152877	0	1.38795902
19125	2.557044992	0	0	3.585581977	4.746420891	2.682784761
19127	0	0	0	4.493007978	5.610419508	4.578562279
19131	5.900394442	0	0	1.869126068	0	1.732538501
19133	0	0	0	0	0	0
19135	0	0	0	0	5.0057623	0
19137	0	0	0	0	0	0.477121255
19139	0	0	0	3.576286628	6.090084736	2.67727837
19141	0	0	0	0	0	0
19143	5.562927803	0	0	0	0	1.707570176
19145	0	0	0	0	0	0
19147	4.730887204	0	0	0	0	1.748188027
19151	5.840679336	0	0	0	0	1.568201724
19153	4.803211492	0	0	5.542286321	4.384729652	0
19155	5.574960243	0	0	3.919558272	7.049478141	4.365911122
19157	0	0	0	1.582108836	0	2.259584323
19163	3.893175374	0	0	4.429460074	5.761106861	0
19165	0	0	0	0	0	0.698970004
19169	5.567770116	0	0	0	5.653605911	3.48317834
19171	0	0	0	0.94275192	0	1.366142677
19173	0	0	0	0	0	1.361727836
19175	0	0	0	3.122311576	0	0
19179	0	4.131169383	0	0	6.574419247	3.806751306
19181	0	0	0	0	0	0
19187	0	0	0	0	0	1.301029996
19189	4.982307423	0	0	0.925312091	0	2.485124927
19193	0	0	0	4.520376354	7.011781615	3.754369056
19195	5.813242627	0	0	0	0	0
19197	0	0	0	0	4.687261346	1.770852012
20001	0	0	0	3.487554505	0	2.509279156
20003	0	0	0	0	0	0
20007	5.223236273	0	0	0	0	0
20009	0	0	0	5.154523673	0	2.080038132
20015	5.748338104	0	0	3.324440501	0	0
20021	0	0	0	5.201347224	5.547242082	4.911082605
20023	0	0	0	0	0	1.544068044
20025	0	0	0	0	0	1.380211242
20027	0	0	0	2.971275849	0	0
20029	5.696090663	0	0	0	0	0
20031	0	0	6.942927684	0	0	0
20035	0	0	0	4.463430092	0	0
20037	0	0	0	2.525130361	0	1.739841223
20039	0	0	0	0	0	0
20041	0	0	0	4.232787853	0	2.377011035
20045	0	4.107142106	0	3.620991719	6.520374942	1.789235113
20051	0	0	0	4.789418526	0	0
20055	0	0	0	4.862242098	6.423012839	0
20057	5.548664527	0	0	5.613895709	0	0
20059	0	0	0	3.458531944	0	2.534915372
20065	0	0	0	1.040404529	0	0.010723865
20069	5.547719339	0	0	0	0	0
20077	0	0	0	3.121445921	0	2.118420158
20083	0	0	0	0	0	1.221674997
20085	0	0	0	3.11738665	0	2.263995662
20091	0	0	0	4.56371834	0	0
20093	0	0	0	2.156455256	0	2.135549247
20095	0	0	0	3.460840284	0	2.653581989
20099	0	0	0	0	0	0
20105	5.864786284	0	0	0	0	0
20107	0	0	0	0	6.964975728	4.293347548
20109	0	0	0	1.055225384	0	1.341711435
20111	0	0	0	5.639202511	0	0
20113	0	0	0	4.131165498	0	2.120971852
20119	0	0	0	2.65367455	0	1.802917326
20121	0	0	0	3.137670537	0	1.447158031
20123	0	0	0	2.791116355	0	2.109166666
20125	0	0	0	2.909556029	0	1.662757832
20131	0	0	0	0	0	0
20133	0	0	0	4.22332089	0	2.741736045
20137	0	0	0	0	0	0
20139	0	0	0	4.883705827	0	1.479719235
20141	0	0	0	0.949341207	0	0.889917683
20143	0	0	0	2.449671205	0	1.595220567
20145	0	0	0	0	0	0
20149	0	0	0	0	7.110909417	4.088387694
20151	0	0	0	3.224650102	0	2.429021922
20155	0	0	0	5.160730089	0	0
20157	0	0	0	2.538092174	0	2.252326221
20159	0	0	0	2.27098611	0	1.693445533
20161	0	0	0	0	0	0
20163	0	0	0	0	0	0
20165	0	0	0	0	0	1.397940009
20167	0	0	0	3.866767397	0	2.036912212
20173	0	0	0	5.928376391	0	1.602059991
20175	0	0	0	5.031174084	0	0
20177	0	0	0	3.757840649	6.143589045	0
20181	0	0	0	0	0	0
20185	0	0	0	0	0	0.301029996
20187	0	0	0	0	0	2.11058971
20189	0	0	0	2.398771321	0	1.658211794
20191	0	0	0	4.146416126	0	1.516799704
20193	0	0	0	2.442479769	0	1.662757832
20199	0	0	0	1.371474246	0	0.769229582
20201	0	0	0	3.924342151	0	1.376284896
20203	5.301103819	0	0	0	0	0
20209	0	0	0	4.596752897	6.380426307	3.754121801
21015	4.41788669	0	0	0	6.630441601	3.898672646
21017	0	0	0	0	0	3.069668097
21041	0	0	0	0	7.054038873	4.313101618
21049	0	0	0	5.27143639	5.913104648	3.924246661
21059	0	0	0	0	6.378556455	4.790019664
21067	0	0	0	0	0	0
21089	4.177074546	0	0	0	0	0
21091	5.41258852	0	0	4.306554675	6.424937107	0
21093	3.976212377	0	0	0	0	0
21101	0	0	0	0	6.197296542	3.384000889
21111	0	5.361053212	0	4.63542453	7.132933304	1.419278183
21125	4.327134065	4.886033629	0	0	0	0
21127	0	0	0	4.737303986	6.79554093	4.23154505
21143	0	5.911153346	0	0	0	0
21145	0	0	0	0	6.87136096	4.168718817
21157	0	6.10933788	0	5.396199595	0	2.911358989
21161	2.761927838	0	0	0	6.881137444	4.331419036
21167	0	4.894581876	0	4.871743514	6.397764353	3.904267715
21177	0	0	0	0	7.172442318	3.690992855
21183	0	0	0	0	6.227463188	6.001615718
21185	0	0	0	4.738423783	0	0
21191	4.378397901	0	0	0	0	0
21199	0	0	0	0	6.199376872	3.340679839
21207	0	5.919784946	0	0	0	0
21217	3.932732438	0	0	0	0	0
21223	0	0	0	5.290904556	6.494752751	3.979859599
21233	0	0	0	0	6.368564579	5.929096146
21239	0	0	0	0	4.381063558	0
22001	0	0	0	6.087197709	0	2.631443769
22005	0	0	0	6.249757098	0	0
22011	5.433009965	0	0	4.361849572	0	4.10312648
22017	0	0	0	5.254792294	0	4.047583282
22019	4.820635937	0	0	6.811813056	6.529187614	6.221123918
22023	0	0	0	4.459919956	0	0
22029	0	6.092141784	0	0	0	0
22031	5.629428899	0	0	5.399344299	6.648695021	4.747966511
22033	5.743307439	0	0	6.522773592	0	5.405922676
22039	0	0	0	6.318801217	0	0
22045	3.008600172	0	0	0	0	0
22047	0	0	0	7.03634141	0	3.272466819
22049	5.493149362	0	0	5.243611928	0	0
22051	0	0	0	6.435885597	0	0
22055	0	0	0	5.564826972	0	0
22061	0	0	0	4.650812449	0	0
22069	0	0	0	0	0	1.414973348
22071	0	0	0	6.343051755	0	0
22073	5.37171891	0	0	6.412398961	0	0
22075	0	0	0	5.016817767	0	0
22077	0	0	0	4.903061952	7.080660967	4.238603625
22079	5.032827555	0	0	5.975656836	6.503877457	4.478700717
22087	0	0	0	4.633773062	0	4.922159521
22089	0	0	6.951760289	6.930240985	0	4.255820071
22093	0	0	0	5.419299683	0	5.041817336
22101	0	0	0	5.913847218	0	0
22109	0	0	0	4.532333891	0	0
22117	5.592735925	0	0	4.130930883	0	4.586714525
22119	0	0	0	2.688419822	0	1
22121	0	0	0	4.726238047	0	0
22125	0	0	6.89394864	0	0	0
23001	5.385534779	5.731338107	0	2.376671835	0	0
23003	5.796113158	3.756940236	0	0	0	0
23005	5.072555763	5.38079353	0	6.397484629	4.46307802	5.378872551
23007	5.877689861	5.017763509	0	5.701054817	0	4.726548337
23009	5.360344691	4.564381964	0	6.186171755	4.018843202	4.80993592
23011	0	5.238100976	0	0	0	0
23017	5.477881661	5.504279731	0	5.688652036	4.513979544	5.090839868
23019	5.560260896	6.058531169	0	6.367273714	0	4.344660392
23021	4.411299759	0	0	0	0	0
23023	0	4.915753248	0	0	0	0
23025	5.73126737	6.055512923	0	0	0	4.871550018
23027	4.105986796	3.653598382	0	0	0	1.838849091
23029	5.707650872	5.051836162	0	0	0	4.399635325
23031	0	5.496298425	0	3.366599441	0	0
24001	5.203199033	0	0	3.38874009	6.137270652	3.998563064
24003	0	0	0	4.599390043	6.946511861	4.892417464
24005	4.249296216	0	0	5.020810615	6.128327905	3.476736589
24009	0	0	7.162866545	0	0	0
24015	0	0	0	5.135065832	0	0
24017	0	0	0	0	6.826493881	4.453710022
24019	0	0	0	0	0	4.285039447
24023	0	4.337599012	0	0	0	0
24025	0	6.271147109	0	4.592712719	0	4.213457111
24031	3.916348652	0	0	5.318920525	6.369488753	4.377705313
24033	4.208689473	0	0	6.06878148	6.568333222	5.160023447
24039	4.187414729	0	0	0	0	2.867195158
24041	0	0	0	0	0	3.145196406
24043	0	0	0	0	5.099471947	3.324166559
24045	2.963364184	0	0	0	0	2.513080363
24047	3.84260924	0	0	0	0	2.912753304
24510	0	0	0	4.813514272	0	3.011570444
25001	2.326335861	0	0	3.437627707	0	5.743762722
25003	0	0	0	4.408113374	0	3.207219799
25005	4.633973156	0	0	5.585117037	6.862802154	4.387528707
25007	0	0	0	0	0	3.25163822
25009	0	4.848340816	0	4.921098308	6.095567755	4.648228493
25011	0	5.212893119	0	0	0	3.43964843
25013	4.562768543	5.575730685	0	6.029306765	5.683689896	5.053941271
25017	0	4.934108977	0	7.003115846	0	4.903692462
25019	0	0	0	0	0	2.209515015
25021	3.584557361	0	0	6.724947554	0	3.886469687
25023	4.309779164	0	6.732073631	0	0	3.743818991
25025	3.616045313	3.788866642	0	5.459960514	0	4.701913332
25027	5.183688273	4.207365037	0	6.574381827	3.90311789	4.026574036
26001	5.059995725	4.434999791	0	2.206080732	0	4.483488075
26003	0	0	0	2.402290621	4.576002572	0
26005	0	4.078239254	0	3.837714668	0	0
26007	4.316864135	4.593673657	0	3.764185924	4.979979246	4.952882144
26013	4.685510615	3.740757323	0	0.782185866	0	3.856774069
26017	4.183952786	0	0	4.84612735	6.652719347	4.872011713
26021	0	4.750006699	6.920456801	0	0	0
26023	0	0	0	1.961534992	0	2.51118258
26025	4.319126888	2.882524538	0	1.801719196	0	1.457185257
26029	0	0	0	0	0	2.212187604
26031	0	4.078964045	0	0	0	2.551449998
26033	0	5.493452474	0	0	0	3.750431249
26037	4.904488333	0	0	0	0	0
26039	5.258655609	0	0	1.472507792	0	3.942982855
26041	5.595073654	0	0	4.634626869	5.141018931	4.543526067
26043	5.306942158	5.234891688	0	3.530436126	2.580195981	0
26045	0	0	0	0	6.035648836	3.260426553
26047	3.337069719	0	0	3.932169246	0	0
26049	5.251633354	0	0	3.211387553	0	0
26051	0	4.494683221	0	0	0	0
26053	0	3.964306782	0	0	0	0
26057	0	2.835056102	0	0	0	0.903089987
26059	0	0	0	1.102159183	5.392736878	4.326656137
26061	0	0	0	0	0	3.909662985
26063	5.456610445	0	0	1.093771781	5.104902071	3.466754215
26065	0	0	0	4.537945299	6.072417664	3.612213497
26067	0	4.15247181	0	0	0	0
26069	0	5.006273455	0	0	0	0
26071	0	4.765169164	0	0	0	0
26073	3.551556119	0	0	0	0	0
26075	0	3.995064534	0	5.539478827	0	0
26077	0	0	0	3.444044796	0	0
26079	0	0	0	4.08849047	0	0
26081	4.232945313	4.193263773	0	5.298132292	0	0
26091	4.229835367	0	0	0	0	0
26093	0	0	0	0	0	0
26095	0	0	0	0	0	3.276691529
26099	4.66763037	0	0	3.636863855	0	0
26101	4.302515108	4.798457276	0	0	5.566954896	5.051870776
26103	0	4.212107666	0	0	6.459918868	3.854137454
26105	0	0	0	6.020247307	0	0
26107	0	4.444622429	0	0	0	0
26109	0	4.917862461	0	0	3.96073042	0
26111	0	4.021809277	0	6.467879124	0	1.547528576
26113	5.092989855	0	0	1.979297923	0	4.496388379
26115	0	0	6.869578313	0	7.31842235	4.418471843
26117	0	0	0	5.355731126	0	1.963787827
26119	5.116899891	0	0	3.078713766	0	4.029354269
26121	3.16650471	0	0	4.260599355	6.236278877	0
26123	0	5.193836703	0	0	0	0
26125	4.139595758	0	0	4.325732161	4.570776369	0
26127	0	0	0	0	0	0
26131	0	4.628726016	0	3.102097735	4.740902963	0
26133	0	0	0	4.038937919	0	0
26135	0	4.153509989	0	0	0	0
26137	0	0	0	4.970695474	0	0
26139	4.71087604	0	0	5.71694972	7.004291978	4.194390863
26147	0	0	0	5.43613184	7.205401594	4.605762065
26149	0	4.33304403	0	0.529301998	0	1.985053548
26151	0	0	0	0	0	1.079181246
26153	0	0	0	0	0	3.523876476
26155	4.11290649	0	0	0	0	0
26157	0	0	0	0	0	0
26159	0	0	6.78665987	6.070608543	0	0
26161	5.076465671	0	0	5.06486786	0	0
26163	5.184589232	4.003288159	0	6.092004966	6.880894088	4.644109494
26165	5.207060494	4.701619786	0	0	0	0
27003	3.732795698	0	0	0	0	0
27005	0	0	0	0	0	1.579783597
27007	0	0	0	4.410235368	0	2.808283912
27009	4.264917345	4.4499564	0	0	4.677741426	3.486529937
27013	1.287084776	4.296774847	0	5.509874195	4.271004726	3.585458586
27015	0	0	0	4.431074138	0	1.462397998
27017	5.553414826	5.42065173	0	4.198721677	0	3.20451474
27019	0	0	0	2.926856709	0	3.574147064
27021	0	4.301203679	0	0	0	0
27023	0	3.704064679	0	0	0	0
27025	0	0	0	0.422425676	0	0.525692525
27027	3.86230375	0	0	0	4.50649475	1.041392685
27031	0	0	0	0	6.023840588	3.285407418
27033	5.394553238	0	0	0.484442208	0	1.680779554
27035	0	4.220453032	0	0	3.055699346	0
27037	4.882780599	4.531964034	0	5.672800513	6.105527081	3.587077129
27039	4.975891136	0	0	0	0	0
27041	0	0	0	1.708820165	0	1.557182262
27043	3.768045814	0	0	1.85883184	0	1.57692846
27045	0	2.687528961	0	0.939469331	0	2.104012269
27049	0	0	6.916504534	4.408547171	0	3.630440893
27053	0	4.717820234	0	5.523162019	0	0
27059	0	0	0	4.571657691	0	2.853328235
27061	4.895893528	3.623512889	0	3.975271297	6.790613979	3.889396621
27063	4.928144831	0	0	0	0	1.041392685
27065	0	0	0	2.22118986	0	2.602695767
27067	3.265525335	0	0	3.425050587	4.443903627	2.120573931
27071	5.036296809	4.827330495	0	4.559345904	0	0
27075	0	4.258158193	0	3.908999219	5.72794702	2.141239631
27079	0	0	0	0	0	0
27081	5.723962762	0	0	0	0	0
27083	4.776846409	0	0	0	0	2.206825876
27085	4.295611077	0	0	3.784900098	0	2.800739754
27091	5.786115667	0	0	4.860777937	0	3.447703968
27093	0	0	0	0	0	1.460070543
27095	0	0	0	0	0	2.536558443
27097	0	5.061795406	0	0	0	0
27099	6.070756537	0	0	4.723313621	2.962764615	3.658009965
27101	5.975664748	0	0	0	0	0
27105	4.366497668	0	0	0	0	1.832508913
27107	0	0	0	0	0	2.056904851
27109	0	0	0	5.039193612	4.567927198	4.323710807
27111	0	4.381926931	0	0	5.777045951	2.982310137
27113	0	3.464638559	0	0	0	1.146128036
27115	0	0	0	0	0	2.428134794
27117	5.807227815	0	0	0	0	0
27119	0	0	0	0	4.879717388	0
27123	5.115990977	4.93982864	0	5.864863135	0	0
27127	3.942454526	3.001300933	0	2.161278139	0	2.49280228
27129	0	0	0	0	0	0
27131	0	0	0	5.377621712	0	4.100190207
27133	4.627099462	0	0	0	0	0
27137	5.27255321	4.598746747	0	3.980442583	5.841088126	4.666646799
27139	4.900651501	0	0	4.4258556	0	0
27141	2.456631691	0	0	4.608365946	7.184960934	4.126368239
27145	0	0	0	0	0	0
27147	0	0	0	3.120902818	0	1.77815125
27149	0	0	0	0	0	1.301029996
27151	5.595985354	0	0	0	0	1.86923172
27157	0	3.985785618	0	0	0	0
27161	0	0	0	0.833593294	0	0.474653253
27163	0	0	0	5.421588012	6.537215405	1.778230864
27165	0	0	0	0	0	0
27169	0	0	0	0	0	1.662757832
27171	0	0	6.617258743	0	0	2.574031268
27173	0	0	0	0	0	1.380211242
28007	0	0	0	6.209789177	0	0
28009	0	0	0	6.007482342	0	0
28011	0	0	0	0	0	0
28019	0	0	0	6.128053497	6.524351538	0
28021	0	0	7.041334051	0	0	0
28027	0	0	0	4.04864026	0	0
28033	0	0	0	6.517640921	0	0
28035	0	0	0	0	0	0
28039	0	0	0	1.491361694	0	0
28047	0	0	0	4.501367817	6.434608255	0
28049	0	0	0	5.860288284	0	0
28059	0	0	0	6.832237649	6.697968935	3.733675528
28061	0	0	0	0	0	1.278753601
28065	0	0	0	5.055676424	0	0
28067	0	0	0	5.316050064	0	0
28069	0	0	0	4.538858935	0	3.071991303
28073	0	0	0	0	6.278891871	3.423243252
28075	0	0	0	0	0	0
28077	5.542053191	0	0	4.934165124	0	0
28083	0	0	0	2.794121914	3.166968282	0
28087	5.724842342	0	0	6.561297022	3.341861486	3.615528276
28107	0	0	0	6.335561798	0	0
28111	5.580698007	0	0	4.380375899	0	3.779160752
28129	0	0	0	4.952700442	0	0
28147	0	0	0	0	0	3.388811413
28149	5.215918609	0	0	6.227960912	0	4.043709889
28151	0	0	0	5.404243773	0	3.447281788
28163	0	0	0	5.158359476	0	0
29001	0	0	0	0	0	0
29005	5.443269248	0	0	1.983089288	0	1.100336076
29007	0	0	0	5.06724201	0	0
29013	0	0	0	0	0	1.77815125
29015	0	5.664118062	0	0	0	0
29019	4.027654119	0	0	3.7350927	5.23838369	3.496392395
29021	0	0	0	4.840617877	5.598450815	3.399985921
29023	0	0	0	2.782752031	0	2.088525892
29027	0	0	7.010601653	2.620892547	0	0.861713588
29029	0	3.639884742	0	0	0	0
29031	0	0	0	0	0	2.559906625
29033	0	0	0	0.272769587	0	0
29037	0	0	0	5.962325288	0	0
29039	0	3.539703239	0	0	0	0
29041	0	0	0	0	0	1.041392685
29045	0	0	0	0.022428371	0	0
29047	0	0	0	0	4.168748235	0
29051	4.153113332	0	0	0	0	0
29053	0	0	0	0	0	2.164352856
29061	0	0	0	0	0	1.070407322
29069	0	0	0	5.741785895	0	3.177439819
29071	0	0	0	0	7.236190549	4.054069195
29073	0	0	0	0	0	1.51851394
29075	5.03548177	0	0	0	0	0.77815125
29077	4.396617743	0	0	4.708487297	6.378561169	1.822971826
29079	0	0	0	0	0	2.553883027
29081	0	0	0	0	0	2.117271296
29083	0	0	0	0	6.505061494	4.087920129
29089	0	0	0	0	0	1.406199424
29095	4.273916656	0	0	5.37890819	6.844750028	4.237957955
29097	0	0	0	6.069667606	6.115038033	4.61021733
29099	0	0	0	0	6.903758098	3.687660211
29101	0	0	0	4.88495394	0	1.579657862
29107	0	0	0	2.32292187	0	2.514095958
29115	0	0	0	0	0	0.301029996
29117	0	0	0	2.921284762	0	2.841216768
29121	0	0	0	4.862941942	0	2.394031192
29127	0	0	0	0	0	0
29131	0	5.981065752	0	0	0	0
29137	0	0	0	0	0	1.886490725
29143	0	0	0	0	6.859814876	3.743412077
29147	5.054459837	0	0	3.447932866	0	0
29151	0	0	0	0	5.606529218	2.687918492
29163	0	0	0	4.845331876	4.709247991	3.06479107
29165	0	0	0	0	6.582466943	3.26138493
29171	0	0	0	0	0	1.361727836
29173	0	5.297022568	0	0	0	0
29175	0	0	0	0	6.867297946	4.090137203
29183	0	0	0	0	6.760276744	3.387318447
29187	0	0	0	0	0	0
29189	0	0	0	4.756085064	6.72812508	2.161368002
29195	0	0	0	3.282009546	4.620174213	1.832751539
29199	0	0	0	0	0	1.342422681
29201	0	0	0	0	6.256396296	3.32924468
29205	0	0	0	0	0	2.349160923
29207	0	0	0	3.888628725	0	0
29213	0	5.880031158	0	0	0	0
29217	0	0	0	0	0	0
29510	3.834396031	0	0	2.906696444	4.787370702	0
30003	0	5.953525815	0	0	5.897647431	0
30007	0	4.723184667	0	0	0	0
30009	0	3.864748336	0	0	0	0
30013	4.363512701	6.281665476	0	0	0	0
30017	0	0	0	0	0	0
30021	0	0	0	3.214198813	0	2.493366024
30025	4.83053093	0	0	0	0	0
30029	0	5.887201371	0	0	0	0
30047	0	5.997117598	0	0	0	0
30049	0	5.589033156	0	0	0	0
30051	0	4.70612011	0	0	0	0
30053	0	6.197103219	0	0	0	0
30055	0	5.766600208	0	0	0	0
30057	0	4.795546351	0	0	0	0
30063	4.976084731	0	0	3.692879512	0	0
30083	0	0	0	2.812718214	5.49952803	0
30085	0	0	0	0	0	0
30087	0	0	0	0	7.128109778	4.022833153
30089	0	6.333506721	0	0	0	0
30093	0	0	0	4.82037882	0	0
30095	0	4.735910139	0	0	0	0
30101	5.465773838	0	0	0	0	0
30107	5.64135015	0	0	0	0	0
30111	0	0	0	3.769650004	6.03113108	5.680870745
31001	0	0	0	0	5.668514497	2.555108965
31015	0	4.169850702	0	0	0	0
31017	5.272282644	0	0	0	0	0
31019	0	2.695481676	0	0	0	0
31021	0	0	0	0	0	0.84509804
31023	0	0	0	1.850529836	0	2.235828814
31025	0	0	0	4.128399269	0	0
31027	0	0	0	2.167317335	0	0
31033	0	0	0	2.047006028	0	0.659821158
31039	0	0	0	1.658221334	0	1.420252883
31041	0	0	0	2.334869751	0	1.80991643
31049	0	0	0	0	0	1.278753601
31051	0	0	0	0.500373714	0	1.928575064
31053	0	0	0	3.776194187	5.524216884	0
31055	4.789386498	0	0	4.360362934	6.479476652	0
31061	0	0	0	1.947575849	0	0.867526411
31063	0	0	0	1.399864008	0	0.460747542
31065	0	0	0	1.715284493	0	1.644300696
31067	0	0	0	5.16503945	0	0
31071	0	0	0	0	0	1.505149978
31073	0	5.022283995	0	4.014996867	0	2.597314463
31077	0	0	0	0	0	1.352953912
31079	0	0	0	3.65845911	5.772077347	0
31089	0	0	0	1.525148507	0	0.812378511
31091	0	0	0	0	0	0.84509804
31095	0	0	0	2.158362492	0	0
31097	0	0	0	2.422553729	0	1.711148964
31101	0	4.312727284	0	0	0	0
31105	4.44952468	0	0	1.992151289	0	1.660780128
31107	5.216593386	0	0	0	0	0
31109	3.419790586	0	0	4.79678022	6.1935994	3.487262846
31111	0	5.054137905	0	4.245200308	6.999278936	1.875061263
31119	0	0	0	1.713482143	0	1.307517431
31127	0	0	6.75850154	2.522252476	0	2.079712931
31131	0	0	0	0	6.869007565	4.225139201
31139	0	0	0	0	0	1.653212514
31141	0	5.253631152	0	0	0	0
31145	0	0	0	0	0	2.603144373
31147	0	0	0	0	0	0
31151	0	0	0	2.487005379	0	1.939988237
31153	3.664922202	0	0	4.471233239	0	2.130343419
31155	0	0	0	2.4927562	0	1.732417887
31169	0	0	0	0	0	2.57634135
31173	0	0	0	0.585686278	0	0.617838748
31175	0	0	0	1.825594869	0	2.466977292
31177	0	0	6.568267802	0	0	0
31179	0	0	0	0	0	2.625312451
31181	0	0	0	0	0	2.113943352
31185	0	0	0	0	0	1.431363764
32001	5.805961415	4.15463696	0	0	0	0
32003	5.243532562	6.381421056	0	7.337777819	6.479459649	2.905456944
32011	0	0	0	0	6.065598316	3.839301214
32013	4.572197575	0	0	0	6.526428457	3.981183049
32015	5.045491186	0	0	0	0	0
32019	5.006080783	0	0	5.495665035	0	0
32023	0	0	0	0	0	0
32029	0	0	0	6.579929518	0	0
32031	5.871421139	4.597944833	0	0	0	0
32510	0	0	0	0	0	0
33001	0	4.263257227	0	0	0	0
33003	5.201085632	3.84185981	0	0	0	0
33007	5.101709865	5.639808933	0	0	0	2.159112811
33009	5.417370897	5.927577189	0	0	0	4.426506138
33011	4.157789086	5.166264298	0	0	0	1.167317335
33013	0	5.289896216	0	0	6.382025329	2.960477437
33015	5.501759423	0	6.945304734	6.727732894	5.677262321	5.191395813
33017	4.800627736	4.463327889	0	0	0	0
33019	5.261101019	3.264581729	0	0	0	0
34001	4.374473389	0	0	0	0	0
34003	4.405619523	0	0	6.691677781	0	4.491696546
34005	0	0	0	4.816873544	0	3.776234393
34007	4.30455515	0	0	5.336380763	0	0.112269768
34009	0	0	0	0	5.650965936	4.284060377
34011	4.558936455	0	0	4.386086574	4.093140213	4.027763112
34013	0	0	0	5.159113618	0	3.682855258
34015	3.952889265	0	0	5.800912167	5.997106841	3.777683118
34017	0	0	0	5.38167591	6.11442794	3.156813464
34019	0	0	0	4.47314822	0	3.611637927
34021	0	0	0	4.978850271	6.124569066	0
34023	5.059017803	0	0	6.676643499	0	4.315355961
34025	4.774407466	0	0	4.124703948	0	1.978057198
34027	3.13225969	0	0	0	0	0
34029	4.594234949	0	6.697089875	5.091598921	0	3.507824175
34031	0	4.506245325	0	4.818924954	0	0
34033	0	0	7.467601491	4.997798471	6.005518384	3.567906303
34035	0	0	0	4.527418244	0	2.516270883
34037	3.770483809	0	0	0	0	0
34039	0	0	0	6.968276187	0	5.2953803
34041	2.785329835	0	0	4.679089779	0	0
35001	4.52716577	0	0	4.999665186	0	0
35007	0	0	0	2.117271296	0	0
35009	2.423245874	0	0	0	0	0
35013	0	0	0	6.070554182	0	0
35015	0	0	0	2.640481437	0	0
35017	0	0	0	2.481442629	0	1.146128036
35019	5.426449447	0	0	0	0	0
35023	0	0	0	4.710981876	0	3.86092346
35025	0	0	0	6.661152416	0	0
35029	0	0	0	6.216474419	0	0
35031	0	0	0	3.661418993	6.262753841	0
35037	5.889632201	0	0	0	0	0
35039	0	4.930454887	0	0	0	0
35041	5.604762648	0	0	0	0	0
35045	0	5.116647586	0	6.025304184	7.435940385	4.571848901
35047	0	0	0	0	0	1.431363764
35051	0	4.73995189	0	0	0	0
35057	5.006055087	0	0	0	0	0
35061	0	0	0	4.587722187	0	0
36001	4.740536373	5.264997168	0	6.721886634	0	3.310154623
36003	4.564843533	0	0	4.727988334	0	0
36005	0	0	0	4.691488176	0	0
36007	0	0	0	3.311541958	5.384317368	0
36009	0	0	0	5.274360599	0	2.168797909
36011	0	3.767443074	0	2.064457989	0	0
36013	0	0	0	3.855821905	6.428795653	3.831663835
36019	5.685619044	5.463353891	0	6.072762217	0	0
36025	3.556181847	0	0	0	0	0
36027	0	3.019531685	0	2.318881043	0	0
36029	4.921197294	0	0	3.919104149	6.305739627	3.766250849
36031	5.211961662	4.593845525	0	0	0	5.076265449
36033	5.330210785	4.696703162	0	0	0	0
36035	0	4.670208732	0	0	0	0
36037	0	0	0	4.714519198	0	0
36039	0	0	0	6.763035678	0	2.245512668
36043	0	5.259807438	0	0	0	0
36045	4.591253874	5.66000457	0	3.599881872	4.673854975	4.487003511
36047	0	0	0	6.334205008	0	4.577927484
36049	5.922687579	5.531449192	0	4.270607504	0	3.320159377
36053	5.252081777	4.108700297	0	0	0	0
36055	4.960898677	4.769783364	0	4.57887441	5.503665321	3.778117736
36059	3.526339277	0	0	6.235944862	0	4.392525382
36061	0	0	0	6.380299644	0	4.824698328
36063	5.136163816	7.154698676	0	4.308055917	6.513440625	5.310915971
36065	0	5.431923161	0	3.92772956	0	0
36067	0	0	0	5.266923828	4.960222964	2.592357768
36069	4.662682296	0	0	0	0	0
36071	0	3.690591197	0	4.998543028	6.306801725	5.559915854
36073	0	4.355144896	0	0	0	0
36075	0	5.500840005	7.348549596	6.46406999	0	4.843952263
36077	0	3.719829114	0	0	0	0.477121255
36079	0	0	0	2.915624048	0	1.563184335
36081	0	0	0	7.092930598	0	5.726839035
36083	0	4.995332399	0	4.779725188	0	2.462634549
36085	0	0	0	5.978932004	0	0
36087	0	0	0	5.373447906	0	4.466995444
36089	0	6.921930496	0	3.130128154	0	0.936463474
36091	0	6.238969691	0	5.646378236	0	0
36095	0	0	0	0	0	0
36099	5.144596	0	0	0	0	0
36101	5.308720177	0	0	0	0	0
36103	1.806179974	0	0	6.736326906	0	6.075915154
36105	0	5.293473048	0	0	0	0
36109	0	3.620448385	0	4.463147467	6.21156418	3.702879162
36111	0	4.996209487	0	0	0	0
36113	5.089944433	5.099140544	0	4.628022446	0	3.941341309
36115	0	4.82031314	0	0	0	0
36117	0	0	6.665665684	0	0	0
36119	0	3.874655733	7.218565464	0	0	0
36121	5.742237332	0	0	3.627253171	0	0
36123	0	0	0	0	5.640744551	2.970424522
37001	0	3.752969865	0	0	0	0
37007	0	5.083968198	0	5.128539074	0	3.765871724
37013	0	0	0	0	0	5.298248135
37017	0	0	0	0	3.622524862	2.305351369
37019	3.643742471	0	7.159260522	3.216957207	4.443632223	3.688727635
37021	0	3.999956568	0	3.973812944	6.331527224	4.55034523
37023	0	4.772152945	0	0	0	1.857332496
37025	4.41175435	0	0	0	0	0
37027	0	4.830595084	0	0	0	0
37031	0	0	0	0	0	0
37035	4.211200662	5.048033732	0	0	7.102731966	4.3239019
37037	0	0	0	0	6.240856758	2.808566773
37039	0	5.449760637	0	0	0	0
37041	0	0	0	0	0	2.630427875
37043	0	4.558612583	0	0	0	0
37045	0	0	0	0	6.513383002	3.910260598
37047	5.538853083	0	0	3.736173002	2.746279147	4.31666131
37049	5.672947683	0	0	0	0	4.38295283
37051	0	0	0	4.097202282	0	0
37055	0	0	0	0	0	0
37057	0	5.071277992	0	0	0	1.113943352
37061	5.2946712	0	0	0	0	0.477121255
37065	3.192639923	0	0	0	5.617508587	3.209306128
37067	4.893212718	0	0	0	3.318882293	0
37069	0	0	0	0	0	1.568201724
37071	0	5.061923463	0	0	6.616259901	4.264909464
37075	0	5.811283368	0	0	0	0
37081	0	0	0	0	0	1.342422681
37083	4.5791241	5.80401533	0	5.125853558	6.201469879	4.247083278
37087	5.242400864	5.513452003	0	0	5.250454688	3.518954591
37089	0	4.273649335	0	0	0	0
37095	0	0	0	0	0	0
37097	4.339828925	4.979653066	0	0	0	0.903089987
37099	0	5.29964456	0	0	0	0
37109	0	5.221037268	0	3.896118241	0	0
37113	0	5.32269469	0	0	0	0
37115	0	4.075437462	0	0	0	0
37117	5.696773944	0	0	0	4.494219942	3.883566448
37119	0	0	7.27909046	0	0	1.301029996
37123	0	5.494514965	0	0	0	0
37127	0	3.339053736	0	0	0	0
37129	0	0	0	2.674821658	6.381482986	4.122241476
37135	0	0	0	3.069455337	4.696588548	0
37145	3.708777029	0	0	0	7.279978377	4.713644241
37147	0	0	0	2.685016713	0	3.043287203
37149	0	4.053232149	0	0	0	0
37151	0	0	0	0	0	1.204119983
37153	0	0	0	6.497493908	0	4.006238481
37155	0	0	0	0	5.447349716	3.348185854
37157	0	3.569256833	0	5.055267886	5.235317291	3.319208736
37159	3.345612282	0	0	5.952898127	5.61653338	3.687740706
37161	0	3.935507266	0	0	0	0
37167	0	5.791261756	0	0	0	0
37169	0	0	0	0	7.165539963	4.386794096
37173	0	6.008030958	0	0	0	0
37179	0	0	0	0	0	0.954242509
37183	3.18723862	0	6.869417194	0	0	0
37191	0	0	0	5.591616006	6.271518776	4.523942271
37195	0	0	0	0	0	2.643452676
38003	5.86874962	0	0	0	0	0
38009	0	0	0	0	0	0
38015	5.33329207	0	0	0	0	0
38017	0	0	0	0	0	1.988023562
38019	5.877343438	0	0	0	0	0
38035	0	0	0	0	0	1.908485019
38049	4.485749811	0	0	0	0	0
38051	5.808906098	0	0	0	0	0
38055	0	0	0	0	6.960482806	3.571607291
38057	0	6.168865918	0	0	7.170289902	4.212598471
38059	0	0	0	4.779690186	5.745595532	3.538566194
38065	5.557984615	0	0	0	6.698823503	4.305208824
38067	0	0	0	0	4.578999903	0
38073	4.063408425	0	0	0	0	0
38077	0	0	0	0	0	0
38091	4.748800261	0	0	0	0	0
38093	0	0	0	0	0	3.051538391
38097	0	0	0	0	4.918239776	1.230448921
38099	0	0	0	0	0	0
38101	3.788521887	0	0	0	0	0
38105	0	0	0	0	0	0
39001	0	0	0	0	7.291124076	4.642228948
39007	0	0	0	5.17285465	5.784126696	3.075752382
39009	0	0	0	0	0	0
39011	0	0	0	0	0	1.531478917
39013	0	0	0	0	5.756124543	3.18161438
39017	0	3.38039216	0	5.100166189	5.36204048	2.908945877
39023	0	0	0	0	0	0
39025	0	0	0	0	7.09051545	4.564428948
39031	4.988318004	0	0	4.052117475	6.790956014	4.018945906
39033	0	0	0	2.778874472	0	1.113943352
39035	0	0	0	4.009280077	5.486870414	3.63702727
39037	0	0	0	4.278250442	0	2.068185862
39039	0	3.876217841	0	2.948743452	0	0
39041	0	3.349083169	0	0	0	0
39049	4.00134423	0	0	0	0	1.371437317
39051	4.362496499	0	0	2.253473701	0	0
39053	0	0	0	0	7.4137554	4.384837393
39061	0	0	0	2.8614436	6.936213438	4.48154934
39069	0	0	0	2.654176542	0	1.579783597
39079	0	0	0	0	0	1.255272505
39081	0	0	0	3.487986331	7.291219507	4.710007601
39085	0	0	6.880611941	2.723881548	6.739285457	4.325084706
39087	0	0	0	6.383774447	0	0
39093	4.88201766	0	0	3.625929493	6.489707293	3.985860552
39095	0	0	0	0	6.230946399	6.023206286
39099	4.984891698	0	0	0	0	0
39101	0	0	0	0	0	0.301029996
39103	0	0	0	0	0	1.414973348
39105	0	5.309374625	0	0	0	0
39109	0	0	0	0	0	0
39111	0	0	0	0	0	0.46834733
39113	0	0	0	4.730864945	4.941674178	1.875061263
39123	4.185287113	0	6.881362513	0	0	1.397940009
39129	0	0	0	4.146995757	5.091517401	3.125000185
39131	3.786751422	0	0	0	0	0
39139	0	0	0	2.411136327	4.886110139	1.875726672
39141	5.464146298	0	0	3.645126613	5.372688715	4.158957068
39145	0	5.493752128	0	0	5.473116019	0
39149	0	0	0	0	0	1.73239376
39153	0	0	0	0	0	1.322219295
39155	0	0	0	4.016689401	5.467169808	0
39157	0	0	0	2.041503219	4.870304229	1.934498451
39161	0	0	0	4.202256668	0	0
39163	0	0	0	4.138555305	0	0
39165	0	0	0	0	0	0
39167	0	0	0	6.247562912	6.907929508	4.296880354
39169	0	0	0	2.651600707	5.489825595	1.579783597
39171	3.541018542	0	0	0	0	0
39173	4.149650113	0	0	4.513863353	0	1.190079454
40015	4.913909175	0	0	6.250417925	0	3.096392721
40017	0	0	0	5.645420304	0	0
40021	0	5.5108907	0	0	0	0
40023	0	0	0	0	6.491140899	3.335183998
40027	0	0	0	4.211627723	0	1.982271233
40031	5.909176658	0	0	5.926717918	0	0
40039	5.767698951	0	0	0	0	0
40043	0	0	0	0	0	0
40047	0	0	0	2.432969291	0	0
40055	0	0	0	1.695945493	0	0.7182525
40059	5.788785423	0	0	0	0	1.819543936
40061	0	5.423483442	0	0	0	0
40071	0	5.17008855	0	4.334031315	0	0
40073	0	0	0	0.679972694	0	1.43479238
40079	0	0	0	0	6.304399609	0
40083	0	0	0	4.751894688	0	0
40087	0	0	0	6.540150338	0	0
40089	5.363750857	5.369521983	0	5.142571143	0	3.684930418
40093	0	0	0	0	0	0
40097	0	5.978918783	0	6.18423613	6.834690005	0.421274791
40101	0	5.428398856	0	4.92243834	6.946564623	0
40103	0	0	0	0	6.816216296	3.920233191
40107	0	0	0	3.855276804	0	0
40109	0	0	0	6.748317111	0	0.46834733
40113	0	0	0	0	0	0
40119	0	0	0	4.159206856	0	2.118449915
40121	0	0	0	6.72340091	0	0
40129	5.45097233	0	0	0	0	0
40131	0	0	0	6.48256064	6.827301912	0
40133	0	0	0	6.460697781	0	0
40135	0	5.956686488	0	0	0	0
40143	0	5.529395702	0	6.769687404	0	2.711209769
40145	0	0	0	6.485674304	0	0
40153	5.481978358	0	0	5.679229784	0	0
41001	0	6.01992926	0	0	0	0
41003	4.63286204	0	0	0	0	0
41005	0	5.988047669	0	0	0	0
41007	4.796536744	0	0	4.979363605	0	3.591398217
41009	0	0	0	6.491217702	0	0
41017	0	4.499632105	0	0	0	0
41019	5.297445935	5.8300848	0	3.604520776	0	3.919093266
41021	5.983237557	0	0	0	0	0
41023	4.544415341	0	0	0	0	0
41027	0	4.666433734	0	0	0	0
41029	5.169185548	5.8172387	0	0.626853415	0	0
41031	4.005680179	6.176159583	0	0	0	0
41035	0	5.364845428	0	6.480659907	0	0
41039	5.025211826	5.902986287	0	4.617992273	0	3.088945072
41043	4.957440806	5.7098725	0	5.54194819	0	0
41045	0	4.516760065	0	0	0	0
41047	0	5.468549659	0	0	0	0
41049	5.312189991	0	0	6.46991944	6.504729259	3.518312538
41051	0	6.654700172	0	0	0	0
41055	6.197042596	6.925182815	0	0	0	0
41059	5.637198434	6.706962249	0	6.81720549	0	0
41061	5.471475074	0	0	0	0	0
41063	0	6.313446004	0	0	0	0
41065	0	6.788717753	0	0	0	0
41071	4.771067942	0	0	3.743349658	0	0
42001	0	0	0	6.278803645	0	2.893789494
42003	0	0	0	5.322482571	6.477709854	0
42005	0	5.48702236	0	4.522953116	7.044396491	4.568683125
42007	0	4.334726708	7.146482926	3.422230077	7.27171681	4.535913365
42011	4.587205678	0	0	6.373748502	5.978047873	0
42013	4.679681222	0	0	0	4.663897397	0
42015	4.029870564	0	0	0	0	0
42017	5.36826585	0	0	6.815117266	0	3.216165902
42021	5.373985719	0	0	0	6.29210648	0
42025	0	0	0	0	5.829234607	3.061637919
42029	1.041392685	0	0	4.774668315	5.603301511	4.803123366
42031	3.397100662	4.842902414	0	0	5.42722332	3.215029443
42033	0	0	0	0	6.356943607	4.19150615
42035	0	0	0	0	0	1.681241237
42041	4.663003233	0	0	0	0	3.216957207
42043	0	0	6.770034843	3.425762882	0	2.211021705
42045	0	0	0	6.84030115	6.291389562	5.385397186
42047	5.202730574	0	0	3.650330063	5.094792768	2.90565343
42049	4.581767669	0	0	4.036763554	2.753825032	0
42051	0	5.063006671	0	6.415418439	0	0
42055	3.738890941	0	0	4.798514598	0	3.284048838
42059	0	0	0	0	6.955626565	4.374273258
42061	0	3.859318465	0	0	0	0
42063	0	0	0	4.180005897	7.430633152	4.403986924
42067	0	4.920509426	0	0	0	0
42069	4.964570683	0	0	4.082714011	0	0
42071	4.265808018	6.11607052	0	0	0	2.89880962
42073	0	0	0	0	5.789422798	3.339440112
42075	4.266043446	0	0	6.487271756	0	0
42077	0	0	0	0	0	2.519827994
42079	4.792671789	0	7.289737341	3.915241497	5.30954402	4.38982964
42081	4.743243148	0	0	0	0	0
42085	0	0	0	0	0	2.638489257
42089	0	0	0	0	0	2.158362492
42091	4.341038632	0	7.286250861	5.161702041	0	3.288482635
42093	0	0	0	0	6.995679213	4.498552216
42095	4.901445625	0	0	6.543005497	6.472978064	5.644173645
42097	5.104405161	0	0	1.255778887	5.466627401	0
42101	0	0	0	5.957911462	0	4.280658598
42107	5.291677536	0	0	0	6.34467835	3.484965864
42109	0	0	0	0	6.03080923	3.749137009
42111	5.588566367	4.578111778	0	0	0	0
42117	4.435828446	0	0	3.765743041	0	0
42119	0	0	0	4.580839237	0	2.815830681
42121	0	0	0	4.602591676	5.856445356	2.674176565
42123	0	0	0	0	0	0
42125	4.533467005	0	0	5.809543942	6.05835297	3.818743438
42127	5.186269619	4.827130087	0	0	0	0
42129	0	4.601408061	0	0	0	0
42131	0	0	0	5.480182351	0	0
42133	5.57401641	5.189439779	7.269742383	4.310168231	6.962495722	4.45889957
44005	0	0	0	6.184436456	0	0
44007	5.160168293	3.675411694	0	6.778242137	0	3.814159462
44009	0	0	0	0	0	4.025797241
45001	0	3.80706124	0	0	0	1.591064607
45003	0	0	0	6.367736998	5.679628135	3.930346507
45007	4.005719527	4.388612316	0	6.337273519	5.626324849	3.57950533
45013	0	0	0	0	0	2.457881897
45015	0	5.631313867	0	3.343041898	7.26120875	5.623876407
45017	0	0	0	4.645307785	0	0
45019	5.448782132	0	0	4.222033155	5.324140294	3.404706316
45021	0	4.950428144	0	5.930557201	0	0
45023	0	5.506379191	0	0	0	0
45029	0	0	0	4.255853299	6.032705064	4.074438608
45031	0	0	6.811118422	4.699130646	5.969415613	3.731199015
45039	0	0	6.837085868	3.340598768	0	2.721991877
45041	5.648797019	0	0	3.90338027	4.824178428	3.758413757
45043	5.637831946	0	0	3.083170681	6.768801529	4.881680207
45045	4.389236984	4.125134668	0	1.220081925	0	1.056942946
45047	0	0	0	0	0	0
45051	4.147985321	0	0	0	5.232156008	2.794114239
45053	0	0	0	6.63132459	0	2.959688057
45055	0	5.370655549	0	0	4.277357893	0
45057	0	5.16455211	0	0	0	0
45059	0	4.105719617	0	0	0	0
45061	4.669623661	0	0	0	0	0
45063	0	5.267629257	0	0	5.987002442	3.121092143
45065	0	5.715791991	0	0	0	0
45073	0	0	7.319984944	0	0	3.005180513
45075	0	0	0	2.477121255	6.407481011	3.257879599
45077	0	0	0	0	0	0.77815125
45079	5.671634349	0	0	2.936137593	6.538179592	4.761801228
45083	0	3.624178926	0	0	0	2.301029996
45087	0	4.890493675	0	0	0	1.531478917
45091	0	5.189790595	7.253150457	0	0	1.770852012
46005	0	0	0	2.257781738	0	0
46011	5.78326665	0	0	0	0	0
46013	0	0	0	4.700262277	0	2.948901761
46015	3.714497409	0	0	0	0	0
46017	0	5.823772134	0	0	0	0
46023	0	6.124015205	0	0	0	0
46025	0	0	0	0	0	0
46027	0	0	0	0	0	2.482873584
46029	0	0	0	0	0	0
46049	0	0	0	0	0	0
46051	3.76153943	0	0	0	6.486036714	4.530518256
46059	3.866523626	0	0	0	0	0
46065	0	6.267443019	0	0	0	0
46069	5.135307607	0	0	0	0	2.357934847
46073	5.244620956	0	0	0	0	0
46077	0	0	0	0	0	2.536558443
46099	0	0	0	4.08268364	0	3.473900484
46103	0	0	0	4.25859093	5.190696988	3.037629254
46115	0	0	0	0	0	0
46117	0	0	0	0	0	1.397940009
46135	0	0	0	0	0	0
47001	4.8750381	5.72218953	0	0	6.518045297	4.171231251
47009	0	5.945518807	0	0	0	0
47019	0	5.097697977	0	0	0	0
47027	0	5.153217108	0	0	0	0
47037	0	4.766561553	0	4.887592947	4.4655498	0
47041	0	5.576906602	0	0	0	0
47043	0	5.258847915	0	0	0	0
47051	0	4.815537903	0	0	0	0
47065	0	5.175708912	7.249309327	0	0	0
47067	0	0	0	0	0	0
47069	0	0	0	0	0	3.289588953
47071	5.422105338	6.146897606	0	3.874783747	4.458569913	3.310047443
47073	0	0	0	0	6.55708774	3.402265682
47075	0	0	0	5.380457129	0	2.77965348
47085	0	0	0	4.756670158	6.647549114	4.487387761
47089	0	5.574503523	0	0	0	0
47093	0	0	0	4.16657811	0	0
47105	0	5.992108392	0	0	0	0
47107	5.486959033	0	0	0	4.698378875	0
47115	0	5.774818313	0	0	0	0
47139	0	5.847823663	0	0	0	0
47143	0	5.98298497	6.964140077	0	0	0
47145	0	0	0	0	6.277606953	3.583976745
47149	3.751433082	0	0	0	0	0
47151	2.941014244	0	0	0	0	0
47155	0	5.644868732	0	0	0	0
47157	0	0	0	2.866549019	6.695866755	4.435393488
47159	0	5.6737294	0	0	0	0
47161	0	0	0	0	7.198410283	4.915486395
47163	5.473882122	5.626218173	0	4.325662798	6.029453565	3.529549692
47165	0	5.724311923	0	3.796633299	6.810239996	4.245535394
47177	0.905202029	5.217383913	0	0	0	2.818859712
47183	0	0	0	0	0	0
48013	0	0	0	0	6.456045707	3.589133276
48021	0	0	0	6.818152366	0	0
48029	4.958453982	0	0	6.576510437	6.914946783	3.705630858
48033	5.771879631	0	0	0	0	0
48035	0	4.231342138	0	6.072073349	0	0
48039	0	0	0	7.010727103	0	0
48041	0	0	0	4.997382015	0	0
48053	0	5.001521705	0	0	0	0
48057	0	0	0	6.665370572	0	4.283583067
48061	0	0	0	4.904407157	0	2.190331698
48065	5.708795541	0	0	0	0	0
48067	0	0	0	5.439201084	0	4.777962298
48071	4.270725407	0	0	6.847618122	0	0
48073	0	0	0	5.768833476	0	1.611394011
48081	0	0	0	4.038262407	0	0
48085	0	0	0	5.112286536	0	0
48091	0	3.195390372	0	0	0	0
48109	4.955136573	0	0	0	0	0
48113	4.601755879	0	0	6.040226447	0	3.400181601
48121	4.758563712	3.810837151	0	4.564085829	0	0
48125	5.637611795	0	0	0	0	0
48135	5.438073786	0	0	6.617441964	0	0
48139	0	0	0	6.708355469	0	0
48141	0	0	0	6.290146832	0	2.421702619
48143	5.130430268	0	0	0	0	0
48147	0	0	0	5.60122752	0	0
48149	0	0	0	0	7.06517305	0
48151	5.704965984	0	0	0	0	0
48153	5.284315659	0	0	0	0	0
48157	0	0	0	6.52142249	7.25530462	0
48161	0	0	0	6.515738777	6.886457668	0
48163	0	0	0	4.280305143	0	0
48167	4.457685133	0	0	6.749954911	0	4.993421724
48173	5.781888155	0	0	0	0	0
48175	0	0	0	0	6.720548386	3.193248466
48177	0	3.970238987	0	0	0	0
48179	0	0	0	0	0	3.577951128
48181	0	5.289805154	0	0	0	0
48183	0	0	0	5.561424598	0	0
48185	0	0	0	6.703017439	6.534155915	0
48187	0	4.369539787	0	6.833329146	0	0
48195	5.801004909	0	0	0	0	0
48201	4.803614143	0	0	7.484862377	0	6.026636367
48203	4.333300738	0	0	6.411994527	6.537002729	0
48209	0	0	0	6.584999456	0	0
48213	0	0	0	4.73937151	0	1.330048325
48215	4.198612831	0	0	6.852582699	0	0
48221	0	0	0	6.527769248	0	0
48227	6.10006328	0	0	5.567501594	0	0
48229	2.999565488	0	0	0	0	0
48231	0	0	0	4.645944514	0	1.994831665
48233	0	0	0	6.217353578	4.762701515	0
48237	5.450878533	0	0	0	0	0
48241	5.615571277	4.954536765	0	4.315708578	0	3.147527309
48245	0	0	0	6.814892236	0	3.442349304
48251	0	0	0	6.082267138	0	0
48257	0	0	0	6.870268445	0	0
48261	5.911226041	0	0	0	0	0
48277	0	0	0	6.750422376	0	0
48279	0	0	0	5.996182078	6.857669912	2.360801613
48291	4.273626206	0	0	0	0	0
48293	0	0	0	4.295893105	7.076733924	0
48299	0	0	0	5.965332487	0	0
48303	0	0	0	6.328068044	0	1.795852222
48309	0	0	0	5.461472623	0	1.262474821
48315	0	0	0	6.018347179	0	0
48317	5.534962258	0	0	0	0	0
48321	0	0	7.329522922	0	0	0
48323	0	4.655983142	0	0	0	0
48331	0	0	0	0	6.632516843	3.817480485
48335	0	0	0	4.449277791	0	0
48339	2.913283902	0	0	6.241296141	0	0
48341	5.09895506	0	0	4.697177015	0	0
48343	0	0	0	3.23572535	0	0
48351	0	5.389453156	0	6.554205837	0	0
48353	6.616213808	0	0	3.441852176	0	0
48355	0	0	0	6.543940537	0	4.94765738
48361	5.332671371	0	0	6.886335844	0	3.038771523
48363	0	0	0	5.742373398	0	2.654841437
48367	0	0	0	0	0	0
48371	6.092795991	0	0	4.423245874	0	0
48375	5.812931396	0	0	5.941594836	6.872811367	0
48383	0	0	0	0	0	0
48395	0	0	0	3.780961362	6.307872892	5.153542859
48401	0	0	0	6.398602757	7.231662271	4.257326005
48407	0	0	0	4.589614541	0	0
48409	5.078906106	0	0	6.743490034	0	5.196897107
48415	6.081455328	0	0	5.913170323	0	0
48417	6.207360253	0	0	0	0	0
48421	4.807284662	0	0	0	0	0
48425	0	0	7.304091142	0	0	0
48427	0	4.987214757	0	0	0	0
48431	6.191351233	0	0	0	0	0
48439	4.54405576	0	0	5.718023943	0	0
48441	6.256672294	0	0	0	0	0
48449	0	0	0	0	7.411884781	4.357781884
48451	4.392450725	0	0	0	0	0
48453	4.774641032	5.059972151	0	6.560092733	0	2.475819317
48461	5.872958719	0	0	0	0	0
48465	0	4.91993537	0	0	0	0
48469	0	0	0	6.007072775	0	2.530199698
48475	0	0	0	5.374242291	0	0
48479	0	0	0	5.605105634	0	0
48481	0	0	0	6.181846731	0	0
48485	0	0	0	4.754348336	0	2.164352856
48487	0	0	0	0	6.447639067	4.021558541
48497	0	0	0	6.877388837	0	0
48501	0	0	0	6.421728111	0	0
48503	0	0	0	5.717465787	0	0
49001	5.445792512	4.006209241	0	0	0	0
49003	0	4.985309688	0	0	0	0
49005	0	4.464370301	0	3.488832634	0	0
49007	0	0	0	0	6.20985679	3.260216924
49009	0	5.660765901	0	0	0	0
49011	0	0	0	3.980402057	0	2.434934388
49013	0	3.694692926	0	0	0	0
49015	0	0	0	0	7.208848614	4.23769275
49017	0	4.284566077	0	0	0	0
49023	0	0	0	6.394392312	0	0
49027	4.601864515	0	0	0	7.13187217	3.88503068
49029	0	4.18920949	0	0	0	0
49035	4.626083616	4.451540829	0	6.024903311	5.919670054	0
49039	0	4.185008946	0	0	0	0
49043	0	4.367206781	0	0	0	0
49047	0	0	0	0	6.525129321	3.525566295
49049	4.666658355	4.621415182	0	6.442876237	0	2.595619659
49051	0	4.519696767	0	3.89383619	0	3.664327703
49053	0	3.917032622	0	4.4898882	0	2.805500858
49057	0	4.713356118	0	5.039013352	0	0
50001	0	5.014318885	0	0	0	2.181843588
50003	4.064045963	4.391376239	0	0	0	0
50005	5.243318388	4.177276711	0	0	0	0
50007	5.338761795	5.273369398	0	3.646481657	0	2.980867008
50009	0	4.485423279	0	0	0	0
50011	0	5.17656872	0	0	0	0
50015	0	3.901676231	0	0	0	0
50017	0	3.71230617	0	0	0	0
50019	0	4.357839597	0	0	0	0.477121255
50021	0	4.702835345	0	0	0	0
50023	4.383635868	4.922658	0	0	0	3.095866453
50025	0	5.609477016	6.72921405	0	0	0
50027	0	5.293926638	0	0	0	2.100370545
51001	0	0	0	0	0	4.327211351
51005	0	0	0	0	0	2.269512944
51007	3.738300747	0	0	0	0	2.91278038
51009	0	4.373665843	0	0	0	0
51015	0	0	0	0.357363031	1.923487528	0.273232834
51017	0	0	0	0	0	0
51019	4.361333261	4.009620841	0	4.181395004	4.051848997	3.06390466
51025	4.041102519	0	0	0	0	2.981975722
51027	0	0	0	4.558516575	0	0
51031	4.038335214	4.345824457	0	3.331130174	5.066767958	0
51033	0	0	0	5.456521554	0	4.574315666
51035	0	4.975881955	0	0	0	0
51036	3.25117229	0	0	0	0	2.729095103
51041	4.027108864	4.024690862	0	6.376654625	6.918453107	4.320771801
51047	0	0	0	0	0	2.531478917
51053	0	0	0	0	0	3.540954809
51059	4.70740835	0	0	3.529824429	0	0
51061	3.842734019	0	0	5.481244904	0	4.715108092
51065	0	0	0	6.315117494	5.963206391	3.455283352
51067	0	0	0	0	0	0
51071	0	0	0	3.931591749	5.786897955	3.906343932
51073	4.138870857	0	0	0	0	0
51077	0	4.471698378	0	0	0	0
51081	0	3.791971201	0	0	0	0
51083	0	3.522574633	0	0	6.746743431	3.799848239
51085	0	0	0	6.270021729	0	5.042335872
51087	3.886547123	0	0	4.764127939	0	4.124551401
51089	0	4.415972078	0	0	0	0
51093	5.487330942	0	0	4.951458949	4.994758105	4.309636384
51097	4.17050887	0	0	0	0	3.143818594
51099	0	0	0	0	5.686158932	3.921211561
51101	5.639373633	0	0	0	5.002175893	4.467090047
51109	0	0	7.181918154	5.781390927	0	4.454181269
51117	0	5.662192882	0	0	5.591119513	3.745206856
51121	0	0	0	0	4.777061187	2.013507124
51131	0	0	0	0	0	2.773054693
51139	0	3.898011739	0	0	0	0
51141	0	4.433017365	0	0	0	0
51143	5.633117849	4.907878728	0	0	0	1.361727836
51149	0	0	0	5.843918619	0	5.063522587
51153	4.13643517	0	0	6.502367067	0	5.357829482
51155	0	5.371258171	0	0	0	0
51159	0	0	0	5.612883618	5.980669091	4.673221779
51161	0	4.005695181	0	0	0	0
51165	0	0	0	4.17516038	0	3.167251447
51167	0	0	0	0	6.182427248	3.5757486
51175	0	0	0	0	5.065031452	3.012300138
51179	3.946501391	0	0	0	0	0
51181	0	0	7.114265346	4.698525233	0	4.249618502
51191	0	0	0	4.58541538	0	0
51199	0	0	0	4.071400299	6.225990509	5.372939223
51670	5.282210684	0	0	2.267805102	5.244385753	3.821077509
51740	0	0	0	0	5.186738851	3.027115882
51810	2.271857863	0	0	0	0	3.311328468
53001	0	4.216957207	0	0	0	0
53005	5.368539762	5.094537508	6.821776384	0	0	0
53007	0	6.898296323	0	0	0	0
53009	0	5.119994486	0	0	0	0
53011	0	0	0	6.21083332	0	0
53013	5.931411591	6.364138454	0	0	0	0
53015	5.666635531	5.99680971	0	6.158164355	4.592394394	3.860213151
53017	0	7.131598008	0	0	0	0
53021	0	4.216113097	0	3.535926741	0	0
53025	0	7.47928131	0	0	0	0
53027	5.164056212	3.716754357	0	6.224049813	0	0
53031	4.476494478	3.48029446	0	0	0	3.796315136
53033	0	5.631666988	0	4.103746472	0	2.394423661
53037	5.744415038	0	0	0	0	0
53039	6.208062678	4.912763922	0	6.127285933	0	0
53041	0	6.145265726	0	6.327555293	6.87149431	4.055142426
53043	0	5.836557028	0	0	0	0
53045	0	4.726580518	0	0	0	0
53051	0	6.604866543	0	0	0	0
53053	5.207401372	5.191297279	0	5.966942154	0	3.654862589
53057	5.177470124	5.537626452	0	6.056301183	0	3.831453637
53059	0	5.772039177	0	0	0	0
53061	5.244559756	5.595767296	0	4.568251067	0	0.542949849
53063	0	5.486614643	0	4.444138518	0	0
53065	5.26233023	4.159958003	0	3.754647957	0	0
53067	0	4.847344348	0	0	0	0
53071	5.604342714	6.628767878	0	0	0	0
53073	0	6.402083844	0	6.269017847	0	4.231602025
53075	0	6.374980457	0	2.675993603	0	2.172500767
53077	0	4.83015223	0	0	0	0
54003	0	3.744762237	0	0	0	0
54019	0	5.791386747	0	0	0	0
54023	5.763005474	0	0	0	6.994823245	4.276589914
54033	0	0	0	4.39360012	7.00168412	0
54037	0	4.182756931	0	0	0	0
54039	0	5.461150231	0	3.872300761	6.218961088	3.299486379
54049	0	0	0	0	5.808272353	0
54051	0	0	0	4.554707391	7.056632256	4.345737013
54053	0	0	0	0	7.058453882	4.515690501
54061	0	0	0	0	6.650626055	4.405914602
54067	0	5.290864545	0	0	0	0
54073	0	0	0	4.257661371	6.765633304	4.089428574
54077	0	0	0	0	5.473970855	3.290704912
54079	0	0	0	0	7.094352547	4.741029238
54093	5.212195597	0	0	0	0	0
54099	0	0	0	4.771822568	0	0
54103	0	5.379591931	0	0	0	0
54107	0	5.450823168	0	0	0	0
55001	0	4.865477082	0	0	0	0
55003	5.216236128	3.519434195	0	4.057560484	5.049130802	3.726455466
55005	0	2.315970345	0	1.226960594	0	2.025862716
55009	3.2999429	0	0	4.358665314	6.253110653	5.365114601
55011	0	0	0	0	6.46498337	3.607851712
55013	0	3.767230098	0	0	0	0
55017	0	5.425075883	0	3.989347862	0	3.032333032
55021	0	4.626648268	0	0	6.811028393	3.982033663
55025	4.437015556	0	0	5.477261021	4.657867149	2.596597096
55027	5.655536996	0	0	2.959115359	3.40990693	0
55029	0	0	0	0	0	1.593286067
55031	0	0	0	0	0	1.301029996
55033	0	4.58615955	0	0	0	0
55035	4.242317764	4.437734712	0	0	0	0
55037	0	4.268601371	0	0	0	0
55039	5.715297041	0	0	3.562887381	0	0
55043	0	0	0	0	5.943254449	5.331909312
55047	4.065430319	0	0	0	0	0
55049	4.739168714	0	0	0	0	0
55055	4.723340721	0	0	5.935906446	0	3.539995302
55057	0	4.833618776	0	0	0	2.146128036
55059	4.847547983	0	0	4.803179673	6.857940452	0
55061	4.532996294	0	6.654688342	0	0	0
55063	4.553079385	0	0	2.139246066	0	2.431363764
55065	0	2.220108088	0	0	0	1.041392685
55069	4.700698474	4.924238285	0	3.422112116	4.645227707	1.970416618
55071	4.841729364	0	6.91210685	2.717254313	4.638380041	5.321948922
55073	4.849519106	4.64755548	0	4.691059591	6.784294205	2.985672071
55075	0	4.901839592	0	3.475729429	0	2.483728473
55079	4.762687542	0	0	4.976726267	6.724248477	0
55081	0	0	0	0.158663981	0	0
55083	0	4.082701375	0	0	0	0
55085	0	3.984842231	0	3.919059569	4.575237081	1.416490725
55087	5.03003309	5.160501545	0	5.854273243	4.835604839	4.358076217
55089	0	0	0	6.357245524	0	0
55093	0	3.073351702	0	2.58619221	0	1.787821646
55095	0	4.985076023	0	0	0	0
55097	3.919451321	4.829760346	0	3.590423382	4.248797349	0
55099	4.460561367	3.780173244	0	1.426706406	3.380642065	0
55103	0	0	0	0	0	0.698970004
55105	4.071661123	0	0	5.99910845	0	0
55107	4.557964114	4.77140373	0	0	0	0
55109	0	3.936111432	0	0	0	0
55111	0	5.044233922	0	0	0	0
55113	0	3.592953572	0	0	0	0
55117	0	0	0	3.612571954	6.60892014	4.39086489
55121	0	0	0	2.271732439	0	2.454916475
55123	0	0	0	0	6.242433078	3.787109426
55125	0	0	0	0	0	0
55127	4.201205883	0	0	0	0	0
55129	0	3.736077637	0	0	0	0
55131	4.814979684	0	0	3.517208438	0	3.503777749
55139	4.619091806	0	0	4.283259743	3.959261109	0
55141	5.503588327	5.064858404	0	4.489723785	5.63623444	4.483230587
56001	4.969481145	0	0	0	7.066507069	4.218713939
56005	0	0	0	4.727999789	6.697185197	3.723437036
56007	5.876157774	5.517210418	0	2.670050934	0	0.930439595
56009	5.759113104	0	0	0	6.699671045	3.987597049
56013	0	4.955981028	0	3.903129072	0	0
56021	5.069507445	0	0	0	0	0
56023	0	4.793804349	0	5.830893363	6.6732825	0
56025	3.786893325	5.405518814	0	0	0	0
56029	0	5.165146354	0	4.115011071	0	0
56031	0	4.9259821	0	0	0	0
56033	0	0	0	3.659821158	0	0
56037	0	0	0	4.186794871	7.186558989	4.891273417
56039	0	0	0	0	0	2.5774918
56041	5.834643199	0	0	0	0	0
56045	0	0	0	0	5.367471469	0
